id,domain,status,purchase_price,renewal_price,attractiveness,demand,length,registrar,created_at,expires_at
001ba952-c031-4b5d-a956-94f6dc334568,CountyofRussell.land,available,54.98,,42,1,17,namecheap,,
00283628-d97d-424e-af47-5a56d184795a,publicsector.land,available,19.99,,62,7,13,name.com,,
002a7b9f-52ee-4506-8a23-ba899f0d04e6,shots.land,available,19.99,,56,13,5,name.com,,
002f69d6-8f9d-4563-bb48-d028b58d7cf8,comeunder.land,available,19.99,,70,1,10,name.com,,
00488d04-eacb-4d18-a2c7-661b944d8ccd,radios.land,available,19.99,,55,13,6,name.com,,
004cb91f-ac09-4070-8fe9-2cae4ff4acba,fitinto.land,available,19.99,,84,2,8,name.com,,
006cb9d9-ae0f-45c2-9bcc-b5777a377e82,officeroutine.land,available,19.99,,43,0,14,name.com,,
0095b497-0255-488e-a12d-3c65f013a176,congregational.land,available,19.99,,56,2,14,name.com,,
009906df-f6f7-43b3-b32a-fd3cd94addcc,urged.land,available,19.99,,60,3,5,name.com,,
00a06ba6-8162-40d8-81f5-8ae0029b96a5,cometobe.land,available,19.99,,72,0,10,name.com,,
00a917ee-99b3-4ae0-a938-922ef31410a4,combinations.land,available,19.99,,56,4,12,name.com,,
00b85f2a-7fec-40a5-970e-0820acbeface,IslesofScilly.land,available,54.98,,52,1,15,namecheap,,
00ba6a62-395a-4f1d-820f-20b9dd39dd05,poured.land,available,19.99,,56,4,6,name.com,,
00bc8c22-36e2-404e-96af-b8b0881a614d,SaintNicholas.land,available,54.98,,64,4,14,namecheap,,
00c1d446-76b5-438a-91e8-fe947a80171a,norms.land,available,19.99,,45,7,5,name.com,,
00c20b54-6123-426f-9c63-a5ead8e66e99,ushered.land,available,19.99,,54,1,7,name.com,,
00e12c06-1918-4bd7-93aa-ebaf76cdea0f,ontop.land,available,19.99,,66,14,6,name.com,,
00e582a4-b730-4e6f-85e5-9f8f16af29c7,barns.land,available,19.99,,50,7,5,name.com,,
010832b8-270f-4d2f-add0-4ec4f0898135,datafeed.land,available,19.99,,70,7,9,name.com,,
0135e9dc-5bac-4ee0-985a-9179e21a1b8f,wished.land,available,19.99,,66,4,6,name.com,,
0136bd7b-9d68-4dac-98f9-6b999d750533,sidewalks.land,available,19.99,,56,5,9,name.com,,
01540498-6b69-4bb8-a473-bffdf6022824,fillaway.land,available,19.99,,70,1,9,name.com,,
019d0e46-d73c-4bdb-92ca-bd34b4e540e2,goround.land,available,19.99,,68,3,8,name.com,,
019e3f0e-7d0e-408c-86a3-ba8283d1220f,manypartedness.land,available,19.99,,64,1,15,name.com,,
01aa3658-f8ed-4e87-9a9f-2299276dff38,barup.land,available,19.99,,82,2,6,name.com,,
01cd4cce-25a5-49f6-aa4d-72ac980e450d,statehood.land,available,19.99,,70,2,9,name.com,,
01d0cfae-dc1e-40a2-9b1a-62df05e8668e,waitup.land,available,19.99,,63,2,7,name.com,,
02a43ab0-ee8a-4d0c-b083-1d5620d4148c,boats.land,available,19.99,,52,24,5,name.com,,
02ad98a4-9c45-463e-bae5-6765950be4fd,prefers.land,available,19.99,,52,3,7,name.com,,
02b267f5-8520-4de8-81f9-6466db40652a,gotothewashroom.land,available,19.99,,56,1,18,name.com,,
02e061fb-c73e-4f4d-bf93-628104aed589,hollows.land,available,19.99,,44,5,7,name.com,,
02fe9f01-1f85-4947-a05f-ecd7b6b2183f,estates.land,available,19.99,,50,16,7,name.com,,
0351494b-ede2-4faa-9c37-5bcc224ed396,wafers.land,available,19.99,,54,4,6,name.com,,
0361daa1-7998-4682-8d98-0eb3ad9acd40,ladiesandgentlemen.land,available,19.99,,70,3,20,name.com,,
036797fa-8e59-4d87-8833-3779d641d5f0,blueberries.land,available,19.99,,70,9,11,name.com,,
037463d9-5c63-409a-a60e-a1cfaba557f8,cents.land,available,19.99,,56,9,5,name.com,,
0380d9df-e097-4c64-97a2-d85912430d71,cans.land,available,19.99,,56,10,4,name.com,,
039484ba-513f-4d7e-b2dc-614867af9bc7,coffeepotful.land,available,19.99,,72,1,13,name.com,,
0398fb37-2487-4c53-851e-f3b0ea96c22b,IsleofThanet.land,available,54.98,,52,2,14,namecheap,,
03a5d5df-dce0-4fd2-a5f6-0baaaf010ad3,comeinfor.land,available,19.99,,76,0,11,name.com,,
03dfdfc8-d1c6-40ec-a2bc-87bab6580082,divein.land,available,19.99,,76,9,7,name.com,,
03e32128-14f5-4f06-a96d-6580ad07fd88,LongBeach.land,premium,138.6,138.6,62,11,10,namecheap,,
040759ea-13b0-4ae4-931d-840166c12195,root.land,resell,,,64,50,4,Dynadot Inc,19/02/2026 17:00,19/02/2027 17:00
0407ef79-7bdd-49a5-8353-26d3748550b5,mobs.land,available,19.99,,42,10,4,name.com,,
04153537-1159-4d37-aba5-55a9694ffa58,Amazonlilies.land,available,19.99,,50,1,13,name.com,,
041b847f-3f24-4d53-99af-2596a2cd10d0,beonto.land,available,19.99,,74,1,8,name.com,,
044eb678-c6c5-439f-9f9c-e190f9aa9cab,GreatBarrierReef.land,available,54.98,,64,4,18,namecheap,,
0459b0d1-f63d-49cb-8ec8-99a48c169973,retailed.land,available,19.99,,59,3,8,name.com,,
04689fd7-dcce-48ed-90e0-1ad94dfd4114,wives.land,available,19.99,,62,6,5,name.com,,
047b455e-81ed-4304-8539-ef073a1f31d8,fellowmelad.land,available,19.99,,62,1,13,name.com,,
047ff548-62da-47fa-8a96-37dbc555d0f8,macaronicheese.land,available,19.99,,72,1,15,name.com,,
048b19b6-e852-45e5-9486-0a02c47e14f8,uponthewhole.land,available,19.99,,46,1,14,name.com,,
04b8df19-c077-4224-a0a6-f3ee817123a9,Lordonlyknows.land,available,54.98,,58,1,15,namecheap,,
04b9e8d2-30f4-407b-a4c2-6543cbe4ffc2,CatholicChurch.land,available,54.98,,70,5,15,namecheap,,
04bf632e-ce2f-4408-82ce-74dfec5ad2a4,divinejudgment.land,available,19.99,,47,1,15,name.com,,
04c255c5-5f1d-44cf-bb90-e5d09172c253,recessions.land,available,19.99,,46,2,10,name.com,,
04dfecd4-3acc-4d17-8db4-a7a732549770,minimums.land,available,19.99,,52,2,8,name.com,,
04ee1373-1b2e-4bed-a0a1-819145b66ab1,believein.land,available,19.99,,68,6,10,name.com,,
04f3b0d6-04a1-443a-92b4-1568ff3d5a43,muttered.land,available,19.99,,56,1,8,name.com,,
05213e2e-3a13-4bff-8961-ee2242c8aedd,produces.land,available,19.99,,54,5,8,name.com,,
0569ebec-fd86-4b37-ab4a-29fe8286b19f,datadomain.land,available,19.99,,52,4,11,name.com,,
0571ab6a-f565-451f-9ff4-ce0869cc2ddf,carols.land,available,19.99,,56,7,6,name.com,,
057bca1d-e425-4a0e-ac4e-cd11d9581c2d,dads.land,available,19.99,,60,17,4,name.com,,
05896105-b706-4b39-9533-d0c58e3e66a8,demonstrations.land,available,19.99,,48,4,14,name.com,,
0597ad6a-9bad-4823-aaad-c363253ae336,forms.land,available,19.99,,54,28,5,name.com,,
059f3010-c30c-438e-a6a0-e7f6558dbce5,retailbanking.land,available,19.99,,59,3,14,name.com,,
05a02664-129b-4f66-85b2-e69b320aab69,wraps.land,available,19.99,,53,11,5,name.com,,
05b85268-b92a-4012-88f0-c3233fdc5dc8,carryforward.land,available,19.99,,66,3,13,name.com,,
05d68c35-13a7-45d0-a0af-40e381c05b4e,parkertruss.land,available,19.99,,48,1,12,name.com,,
0615a466-1189-4402-885b-b02ca833f25c,myGod.land,available,54.98,,74,9,6,namecheap,,
061e9e2b-3960-4b79-81d7-ad6ccb03127e,hides.land,available,19.99,,50,5,5,name.com,,
063826c4-c31f-432d-a348-8801961cef2c,Ihaveaquestion.land,available,54.98,,50,2,17,namecheap,,
0666a6e9-96fe-4863-85e7-a7286311a18c,getaways.land,available,19.99,,50,9,8,name.com,,
0685f5b8-5843-42d3-afcc-23f707cff371,setapart.land,available,19.99,,72,8,9,name.com,,
06b266ef-56ae-4095-8706-80d9a974577e,manytomany.land,available,19.99,,68,2,12,name.com,,
06c4cce1-5613-427f-9a28-8803878b668e,likeitorleaveit.land,available,19.99,,44,2,19,name.com,,
06cec0ab-f4e0-4bd1-9390-6e4eba805314,Ihaveatoothache.land,available,54.98,,50,1,18,namecheap,,
0700a19f-8a30-4c83-851a-11254fc25fec,getonboard.land,available,19.99,,64,11,12,name.com,,
07226352-f292-4807-b879-3870de7da30d,counselling.land,available,19.99,,82,13,11,name.com,,
072d74f6-f560-4e33-9194-1566a7ede1f3,getonwith.land,available,19.99,,79,1,11,name.com,,
07310d9c-f09f-44e1-b4f1-a45167f1c2a0,calculators.land,available,19.99,,54,16,11,name.com,,
07535b96-39a7-4971-bdb8-d8bd4b5d3b08,coffeeculture.land,available,19.99,,72,4,14,name.com,,
07582417-19e6-4e3c-b41a-ce5596baa89d,fittoaT.land,available,54.98,,64,1,10,namecheap,,
076c87d4-5a77-4050-93b2-be1dc6041653,merrygorounds.land,available,19.99,,54,0,15,name.com,,
07780451-fd8d-45f5-ae23-7667a3e7f44c,makeitmakesense.land,available,19.99,,50,7,18,name.com,,
078604e9-bd61-4163-b99b-38a16c4b70cb,clipit.land,available,19.99,,76,12,7,name.com,,
07bfe761-ad34-4d7c-94be-ab5658ceabdc,boundaries.land,available,19.99,,56,7,10,name.com,,
07f4539b-f381-4b90-b331-6f23e9b3a436,rubberbands.land,available,19.99,,50,3,12,name.com,,
07f98365-9bfe-43fb-b73f-7af6380f93de,seas.land,available,19.99,,58,13,4,name.com,,
0810c3c0-ef01-4fb1-8949-d3780796deac,letthedevilout.land,available,19.99,,62,1,17,name.com,,
081a82e8-75eb-4d79-a783-bd81e2e512e7,surfacemail.land,available,19.99,,67,1,12,name.com,,
083d879b-5217-4f81-908f-9786cf94f019,fires.land,available,19.99,,46,10,5,name.com,,
0844c2cc-58f2-4542-af07-f3e343df276b,goinfor.land,available,19.99,,74,1,9,name.com,,
0847063a-271a-42c7-aad8-345be8401c60,scoopthepool.land,available,19.99,,44,1,14,name.com,,
084cde6d-be4b-4200-9e85-765b1b57ec51,demonstrates.land,available,19.99,,56,2,12,name.com,,
08764ee3-e87a-4c97-a812-6f59d180b672,getmarried.land,available,19.99,,88,5,11,name.com,,
0878f297-cb6d-4c41-b730-d2cc18ba0be1,breastfeeding.land,available,19.99,,66,10,13,name.com,,
088664b7-6f14-4ddb-916b-99169edde46a,believeitornot.land,available,19.99,,54,3,17,name.com,,
08a9efc1-d15c-4bd5-99c1-e7b3dd2028a0,decideon.land,available,19.99,,76,2,9,name.com,,
08b0a0fb-6cb1-4ac9-9ade-6d7de9a8dc38,voted.land,available,19.99,,54,6,5,name.com,,
08b3aead-f197-4cba-9cf5-f0ffd914b1b1,clipart.land,available,19.99,,74,8,8,name.com,,
08c77158-4450-4d43-8135-6962eba93c2a,takeabreak.land,available,19.99,,86,8,12,name.com,,
08e48f6e-7254-4ca5-b1fd-bf5d1b9b2ea3,goesthewholehog.land,available,19.99,,46,0,18,name.com,,
08f02469-0acd-49eb-b30b-0882012f75c9,changeofvenue.land,available,19.99,,60,1,15,name.com,,
093e5ff5-5841-4054-a21c-3b7d15de8173,waxedpaper.land,available,19.99,,65,1,11,name.com,,
09701455-9a94-48e4-aad7-5f2c9139bb27,nauseousness.land,available,19.99,,58,1,12,name.com,,
098ea461-3301-4705-bf75-0cb940543ff9,posts.land,available,19.99,,54,16,5,name.com,,
099eabe0-1a7b-4a9c-880a-aa1c5282f36e,gocrazy.land,available,19.99,,72,5,8,name.com,,
09faf104-03c2-4a6b-99e7-2568ea206a60,CountyofSpencer.land,available,19.99,,42,1,17,name.com,,
09ff1930-29f5-4fc8-8e82-f6b01bd9e60a,makethefinalcut.land,available,19.99,,50,1,18,name.com,,
0a1755bb-92a8-4b40-aff6-63919324bbc1,toweather.land,available,19.99,,48,1,10,name.com,,
0a36e65e-a4a5-46be-ae8e-6a7da7fc34a8,plz.land,premium,46.2,46.2,72,14,3,namecheap,,
0a6034d7-eda9-4764-80e5-05de4959ccc9,skateover.land,available,19.99,,60,0,10,name.com,,
0a607ae6-78a5-41e7-86df-71dae47b2f58,keepoutof.land,available,19.99,,68,0,11,name.com,,
0a826734-1928-4828-9774-3173ee65020c,makefor.land,available,19.99,,74,2,8,name.com,,
0a96ab08-dfeb-4337-b7f5-22f5d7b98f80,hillclimbing.land,available,19.99,,68,2,13,name.com,,
0a99292d-70cd-446a-b07d-4f70b1f014c3,publichealth.land,available,19.99,,72,13,13,name.com,,
0aa7a170-9d94-4201-9965-4172fc57d163,practitioners.land,available,19.99,,48,5,13,name.com,,
0ace3f80-38f2-4244-a8ef-adc18c4f3a16,makethegrade.land,available,19.99,,70,3,14,name.com,,
0afa7eee-0f4a-45a5-bea6-d442ca311e9d,comeoutontop.land,available,19.99,,68,0,15,name.com,,
0b0a661f-35df-4ab7-805f-cbe990c0b035,counseled.land,available,19.99,,59,1,9,name.com,,
0b1eab75-f2f4-4933-bfc1-8f77cb44e93d,holdingtheball.land,available,19.99,,62,1,16,name.com,,
0b332ff3-ca9c-40b4-8c0e-3e37ecff2975,havethebestof.land,available,19.99,,48,1,16,name.com,,
0b5a479e-6c9f-46c4-a83c-14802c6de944,midDecember.land,available,54.98,,80,1,12,namecheap,,
0b6722cd-369c-4b1f-9a69-ccdea866efb0,windmills.land,available,19.99,,61,5,9,name.com,,
0b834801-4c1a-4417-879e-ffe862f43f18,cloves.land,available,19.99,,60,5,6,name.com,,
0b9989d3-9002-4282-aa77-dba694c71dac,getthememo.land,available,19.99,,74,1,12,name.com,,
0b9cedee-0fea-46e6-b53d-b136ed6f5436,intheeventthat.land,available,19.99,,48,1,17,name.com,,
0bb06da7-fe69-4502-a7c5-0735fddf6f99,platepaper.land,available,19.99,,66,0,11,name.com,,
0bbb2ba3-5d97-41f0-bbc0-6202212491e7,sanctions.land,available,19.99,,52,8,9,name.com,,
0bbb660a-d6a5-4a51-bc88-bbf81c41f592,ties.land,available,19.99,,59,9,4,name.com,,
0bbc6590-5d0a-40ee-b0aa-bfa805bc005f,shortest.land,available,19.99,,54,6,8,name.com,,
0bcb543c-cfcd-4ae9-9873-549a82ac7432,flips.land,available,19.99,,52,12,5,name.com,,
0bd80945-c067-420e-b46f-a7553e17840f,speeds.land,available,19.99,,53,8,6,name.com,,
0bee9364-ebec-49b9-880c-a833ec8ba6eb,slugs.land,available,19.99,,52,6,5,name.com,,
0bef8cf0-7394-4a93-b1ad-199e9c68f9df,Lordhavemercy.land,available,54.98,,54,2,15,namecheap,,
0bfe8d6c-4091-4f16-988f-e8b05d345581,exchanging.land,available,19.99,,50,5,10,name.com,,
0c269816-f2cd-4667-a5b2-9a43671fa8d8,thedamn.land,available,19.99,,38,1,8,name.com,,
0c2b6808-2fd2-4c4f-a840-15dbaf1f3a36,accountstated.land,available,19.99,,40,2,14,name.com,,
0c32f3bf-dafe-4d67-b885-dd36eabb79e2,JusticeSociety.land,available,54.98,,48,1,15,namecheap,,
0c3de17a-dbe5-4410-bb4f-a3d823b7d974,letthefurfly.land,available,19.99,,47,1,15,name.com,,
0c3fa02d-7880-40ff-87f1-3ac90c1de1d6,deadonarrival.land,available,19.99,,46,2,15,name.com,,
0c590b30-7044-439c-babe-471b38e5c50a,summarizing.land,available,19.99,,46,2,11,name.com,,
0c78ed74-8c59-40a7-8fd2-9ba93b9226a6,updated.land,available,19.99,,52,10,7,name.com,,
0c7a028e-e3c8-403d-8927-6d7401706cdf,GrandExchange.land,available,54.98,,56,5,14,namecheap,,
0c8576a9-c20a-40e4-b883-2767b3f620ae,pictures.land,premium,500,,82,17,8,name.com,,
0c96e9ac-8c7a-45e9-b4c3-8d17c7b62350,professions.land,available,19.99,,50,6,11,name.com,,
0c9b81e2-9c2e-4c10-9be6-881ee17e1a26,fights.land,available,19.99,,55,9,6,name.com,,
0cab26a3-b5df-44ed-af08-45a0c1e6176b,spinydogfish.land,available,19.99,,60,1,13,name.com,,
0cbd6ef8-42e6-43c5-941d-3e99a13de6e6,leaveon.land,available,19.99,,80,1,8,name.com,,
0cc17a13-915f-455d-95b8-9eca690e7b4f,fasttracked.land,available,19.99,,56,1,12,name.com,,
0cc3bfaa-8863-4352-a047-b28ce82384b8,shoparound.land,available,19.99,,80,3,11,name.com,,
0d220d3a-37de-4acb-989a-b606a17bc525,getoutof.land,available,19.99,,79,2,10,name.com,,
0d35ffd0-a98b-452b-8808-286e2c7d2c6e,asusual.land,available,19.99,,58,3,8,name.com,,
0d565503-64a7-4db8-9182-5da377862b5d,manuals.land,available,19.99,,54,13,7,name.com,,
0d65f386-abd6-4873-a95f-a2f0ab89368d,makeoneselfathome.land,available,19.99,,72,1,20,name.com,,
0d6b292b-d253-4c5f-b232-7bb5ea4870b4,socialjustice.land,available,19.99,,68,6,14,name.com,,
0da0b356-c446-4a23-987d-421aefaff5bc,chocolates.land,available,19.99,,70,11,10,name.com,,
0db3529d-90c4-4254-bf96-aa1bdc35d657,manages.land,available,19.99,,56,3,7,name.com,,
0db7530f-366d-4ee6-87f4-b61c60b0db1c,chickensoup.land,available,19.99,,84,4,12,name.com,,
0de314ea-ddf8-4db7-a48c-61c12ffd41eb,pertained.land,available,19.99,,52,1,9,name.com,,
0de332cb-e586-48bd-a093-157e32e71c20,reviewers.land,available,19.99,,56,6,9,name.com,,
0dfc61b0-c846-4f37-ab87-c286ab410da6,goonvacation.land,available,19.99,,48,1,14,name.com,,
0e1973b5-83c0-45d6-a217-d07e2957e54d,setinstone.land,available,19.99,,68,4,12,name.com,,
0e34324f-bf2a-4d1c-948d-925e15ab91c0,goalongwith.land,available,19.99,,70,1,13,name.com,,
0e40d051-d78b-4b48-b605-95e005d6e014,finals.land,available,19.99,,80,7,6,name.com,,
0e4f836d-8f4a-457d-9310-d82e1e79a6eb,chicks.land,available,19.99,,58,12,6,name.com,,
0e5c282a-4cf4-4296-92c1-bcfdf14ff4c7,biosensors.land,available,19.99,,62,3,10,name.com,,
0e660898-8952-4bda-b3da-39e162957ef5,makeupfriend.land,available,19.99,,60,1,14,name.com,,
0e748322-6bae-4301-ac45-03517b594747,bloodvessels.land,available,19.99,,48,1,13,name.com,,
0e8b3d8f-f8ad-4610-aef0-156ee7d1bec6,getthroughto.land,available,19.99,,49,1,14,name.com,,
0eb6af42-0da5-4be9-9591-b979b0395885,vans.land,available,19.99,,55,17,4,name.com,,
0ec217c3-ec37-4683-aa76-3ffa05d95688,sitaround.land,available,19.99,,66,1,10,name.com,,
0eef51c2-12dd-4b4c-bc76-fc7e63dce4e9,prowlers.land,available,19.99,,40,2,8,name.com,,
0efc95f7-2a47-4ecc-9eb8-34144dbf67e3,segregation.land,available,19.99,,62,2,11,name.com,,
0f1c89e1-8dc9-45a9-acca-4fdd55d43205,worldsapart.land,available,19.99,,64,3,12,name.com,,
0f292f6c-a631-4e5b-8683-4afa27c496ce,suppresses.land,available,19.99,,44,1,10,name.com,,
0f510ef5-21e5-4e91-acdd-219482c41ec6,estateagency.land,available,19.99,,42,4,13,name.com,,
0f53f4f8-2e67-4de9-a815-2c1c48fd3f64,distinctiveness.land,available,19.99,,72,1,15,name.com,,
0fa41538-d8f0-4e95-bf54-9ab4d2e8af89,nailed.land,available,19.99,,58,6,6,name.com,,
0faedfbf-420c-4106-9447-ef5282180b01,somuchso.land,available,19.99,,50,1,10,name.com,,
0fcac3e1-de75-4c18-8348-250f34655d57,scoopup.land,available,19.99,,68,3,8,name.com,,
0fcf6e47-dbc0-4fd8-82e5-ea2a3b668499,leaveover.land,available,19.99,,70,1,10,name.com,,
0ff47039-b78e-4a2c-b7ed-806bb168e846,sirens.land,available,19.99,,48,11,6,name.com,,
1007f68d-547d-4a22-aca0-0ee178a7403d,makeout.land,available,19.99,,76,4,8,name.com,,
100cfb30-ebac-4384-b02c-bce9ece19357,highsociety.land,available,19.99,,73,8,12,name.com,,
101849ad-9b69-413c-b36a-923b32f30066,rehabs.land,available,19.99,,51,8,6,name.com,,
102476e2-1c0c-4ad8-9a7f-8e33f271f07b,getthehangof.land,available,19.99,,71,1,15,name.com,,
103381db-973f-4ba0-a39e-e30b066ceaea,teenyweeny.land,available,19.99,,78,2,11,name.com,,
1035849a-ea4b-4f9f-8dd7-ec8858c685c4,havetheupperhand.land,available,19.99,,46,1,19,name.com,,
105c89c7-86c8-4f76-80a7-653fafac90e0,commonhousefly.land,available,19.99,,42,1,15,name.com,,
108c4d72-aa8b-4fe9-b960-a46f3ea7e227,exclaimed.land,available,19.99,,50,2,9,name.com,,
10a135d4-f59c-44a6-b430-d19313cb7465,generalstores.land,available,19.99,,50,2,14,name.com,,
10af2f05-a114-42ae-a0d4-573e7abc49a8,flashdoor.land,available,19.99,,50,0,10,name.com,,
10b736b3-b277-40f3-bfb3-59d92c9e4022,finalreckoning.land,available,19.99,,58,2,15,name.com,,
10c9ab1c-f47f-4d7d-88dd-885f8f37dd88,Automobiles.land,available,54.98,,62,17,11,namecheap,,
10e5fd8f-de38-4c7c-97f6-f9b675cc78e8,ambulances.land,available,19.99,,58,5,10,name.com,,
1137e712-6d81-425c-b98c-307e5016d391,coffeeandcakes.land,available,19.99,,72,2,16,name.com,,
1180fc58-1f3c-4c23-a478-4e5493994d42,opens.land,available,19.99,,60,11,5,name.com,,
1186a91c-5f66-474e-8d8f-d56f9109dc4c,filewith.land,available,19.99,,68,2,9,name.com,,
1191475f-d618-434b-8432-b80c2cd56866,chiefsofstate.land,available,19.99,,42,1,15,name.com,,
11958492-1630-456a-8c5e-18657957d87d,lunchtimes.land,available,19.99,,60,1,10,name.com,,
11a4c497-75ce-4e8c-801b-878f7e5410c2,chapstick.land,available,19.99,,78,5,9,name.com,,
11c57b23-3634-40fb-9b2b-0c4fdafdff22,slideshow.land,available,19.99,,72,8,10,name.com,,
11ce04bf-9627-4e8a-ae57-0dfd190f8cc2,packs.land,available,19.99,,54,15,5,name.com,,
11d77c9f-9c7c-4b7f-b312-178d9ada8272,clearup.land,available,19.99,,76,6,8,name.com,,
12018e1c-c302-40a7-a129-b4d608f61bef,fitthebill.land,available,19.99,,84,1,12,name.com,,
12258a2a-73d3-4784-ab2d-aced1b0c54f1,commonhippopotamus.land,available,19.99,,66,1,19,name.com,,
123466da-457e-4109-914c-a9202a7385c2,thesame.land,available,19.99,,54,5,8,name.com,,
123f4d75-4098-4a07-9975-22af54708716,KFC.land,available,54.98,,74,27,3,namecheap,,
12481dd3-9a20-46aa-ad02-172dca4810e9,Williamson.land,available,54.98,,60,13,10,namecheap,,
126d87f4-9cd2-4e89-b946-c5fedaa73764,specks.land,available,19.99,,44,5,6,name.com,,
129c9043-584f-40da-9eb6-14a10b76f95d,Iputittoyou.land,available,54.98,,50,1,15,namecheap,,
12ab3c20-c026-4726-9307-68d0d723269f,costofgoodssold.land,available,19.99,,62,1,18,name.com,,
12adb084-875e-41ca-8c49-634f1a319476,gotobed.land,available,19.99,,72,3,9,name.com,,
12b06dd3-ba7a-48ee-8a7a-09c3777a4dcf,alcoholproblem.land,available,19.99,,30,1,15,name.com,,
12b06ea5-e382-4e46-88d8-633b57802410,abiders.land,available,19.99,,70,2,7,name.com,,
12ba077d-29e0-4844-8f37-2e11da4dc50e,tracks.land,available,19.99,,60,18,6,name.com,,
12f0cc3f-c0e0-4afe-aea5-2a68fa85dad7,ambitiousness.land,available,19.99,,74,1,13,name.com,,
12f588ea-dbfe-4a5d-90bc-2f502b3494aa,noparking.land,available,19.99,,44,5,10,name.com,,
12fc5072-7253-4c4b-b3d6-dd318baedc14,filein.land,available,19.99,,68,2,7,name.com,,
133a85cf-8ee3-46af-b831-37f3c0026a06,grayest.land,available,19.99,,50,1,7,name.com,,
133cc4da-89ca-47b0-a17b-b4f955ad8066,gobackto.land,available,19.99,,76,2,10,name.com,,
13551619-fcd5-4be1-9ea6-0b23b0f31391,executivedirector.land,available,19.99,,56,2,18,name.com,,
1355b9cc-b15a-45cd-8708-e9d68cf4afef,sqin.land,available,19.99,,72,3,5,name.com,,
135db467-7015-43b5-aae2-18365b56f890,ponds.land,available,19.99,,52,7,5,name.com,,
13644af8-e0bd-42bb-910d-f1d3746f137d,patches.land,available,19.99,,53,16,7,name.com,,
136e0a02-0b2a-459f-94b5-dc51138cd6c6,proxyfight.land,available,19.99,,44,1,11,name.com,,
13873ef9-7f35-47ff-80e7-ce12c44d34dd,hosts.land,available,19.99,,52,18,5,name.com,,
141c09d1-e066-4bf3-b82e-abf1be1bb804,procedures.land,available,19.99,,50,5,10,name.com,,
141d9118-e5c5-4195-8c10-9c5e35e09e47,finalsweek.land,available,19.99,,52,1,11,name.com,,
141eab31-9d56-4ec2-bbc9-eca8ea04eff7,surprises.land,available,19.99,,64,4,9,name.com,,
14428f60-9d61-4b12-96a4-8507ef0d89f5,bonvoyage.land,available,19.99,,88,16,10,name.com,,
1459ced9-d057-4a5c-8ee8-e952807d9c8b,CountyofHudson.land,available,54.98,,44,1,16,namecheap,,
1473f51f-f05d-414b-800f-047d97598da0,positions.land,available,19.99,,48,7,9,name.com,,
1483bd7c-3be9-46ce-ba47-d610c7e43c97,instride.land,available,19.99,,72,5,9,name.com,,
14ae10b0-30ec-4653-a5e3-4afd697a7492,rollwithit.land,available,19.99,,56,5,12,name.com,,
14ae9987-042c-4a69-bb1f-3ed1598b293c,mornings.land,available,19.99,,64,6,8,name.com,,
14bbc50b-40da-4867-9629-4138462a6527,diseases.land,available,19.99,,40,5,8,name.com,,
14c50a93-d918-465b-8a8c-47ab07e64527,potatosalad.land,available,19.99,,70,2,12,name.com,,
14dd4eff-f5f9-432b-8be6-9b0706b4505f,olives.land,available,19.99,,56,11,6,name.com,,
14f0d21b-3e0b-4545-92c7-84fbf5e8a333,keepdown.land,available,19.99,,68,1,9,name.com,,
1514f22f-b202-4ce3-bbae-f316723775f4,gooutonalimb.land,available,19.99,,60,1,16,name.com,,
151a193f-659c-4703-8c31-bcfe82502ee9,cuttherug.land,available,19.99,,76,1,11,name.com,,
1532a805-c202-443b-a63a-35693485cff1,startin.land,available,19.99,,71,6,8,name.com,,
157743ae-449d-4299-9107-f4b6276ec51c,haveover.land,available,19.99,,74,1,9,name.com,,
1577bcc4-f79d-417a-960b-252426d486c1,goviral.land,available,19.99,,76,17,8,name.com,,
157c0a50-ea71-4b54-98b1-d2017cd1c29c,plated.land,available,19.99,,66,11,6,name.com,,
15a915d8-b36f-4ca7-b64a-6c1ea318560f,CountyofYoung.land,available,54.98,,42,1,15,namecheap,,
15b8fcd8-dfd3-4df8-a021-8845efb48987,primes.land,available,19.99,,56,13,6,name.com,,
15ec53ba-65ce-4cbc-a5cc-b13e79a4ce18,pizzaslice.land,available,19.99,,56,4,11,name.com,,
15ef7520-5f89-4e8f-a80d-9330c8e098c8,berries.land,available,19.99,,60,13,7,name.com,,
1601e771-d139-4f3b-8cd8-a211e1e1be6c,preliminarily.land,available,19.99,,41,1,13,name.com,,
1607ae2a-6ec8-4ad3-b469-4b4914fb6f8f,getthedoor.land,available,19.99,,76,0,12,name.com,,
162e0605-0da5-403b-953e-4703307e8749,shovels.land,available,19.99,,47,5,7,name.com,,
16383964-4adf-4917-a50e-c36bddb05f71,penandpaper.land,available,19.99,,64,7,13,name.com,,
163abf9d-18f4-47f1-95aa-7f2b250b1252,bottles.land,available,19.99,,62,12,7,name.com,,
1645d7de-25dd-4c87-9385-729da95d36ab,GodtheHolyGhost.land,available,54.98,,58,1,18,namecheap,,
164f3ecb-5397-4147-b0c6-c7e10f4668ab,shows.land,available,19.99,,66,16,5,name.com,,
16550485-44a0-4d08-b330-f51c0bfb75b0,keepback.land,available,19.99,,70,2,9,name.com,,
168c618a-e8c4-4d2f-a62c-c867fa524622,drums.land,available,19.99,,54,11,5,name.com,,
16a01a71-12df-4d7b-bed1-fc3ae409e33a,tales.land,available,19.99,,72,14,5,name.com,,
16e8de7e-b6ed-4a83-a9aa-d0e60108c296,samples.land,available,19.99,,60,12,7,name.com,,
16eda399-2d4d-47fd-890d-9ec64ae93e04,tirades.land,available,19.99,,46,1,7,name.com,,
16f5bf34-aef5-49b0-ab58-7c9e96a624fe,sighed.land,available,19.99,,56,2,6,name.com,,
170d911b-6924-45a6-a7da-9b8a2bb6d9d9,rakeover.land,available,19.99,,66,1,9,name.com,,
1712f4c3-e37a-4095-8b9c-15f3ab5f2149,letsomethingride.land,available,19.99,,67,1,18,name.com,,
171645f8-fcd6-4949-9c15-38df035381f7,styling.land,available,19.99,,78,11,7,name.com,,
1733bb49-d4f4-4a66-8234-a2ebf02ba691,feelfor.land,available,19.99,,70,2,8,name.com,,
174e42ee-f33a-4359-82d1-07892dd0f43d,genericnames.land,available,19.99,,42,2,13,name.com,,
17709e5f-a669-4600-a748-5a8793794320,equals.land,available,19.99,,62,10,6,name.com,,
178144ae-be4a-4728-b1d9-6fa0af4f7865,thickens.land,available,19.99,,48,1,8,name.com,,
17af7ba8-b56a-42af-9b9c-10ac8aa62232,deteriorates.land,available,19.99,,38,1,12,name.com,,
17b09fdc-c76c-4c1f-8d4e-b94499e308cd,sneezed.land,available,19.99,,47,2,7,name.com,,
17b0bd89-27e4-40b8-9ac6-89b4630e1b9b,uploadability.land,available,19.99,,60,1,13,name.com,,
17b76f59-ebee-40de-b78a-0a2b31ff115e,liberties.land,available,19.99,,56,6,9,name.com,,
17f7c586-d4a6-47b1-a8a6-a983e7bf0f61,lordsandladies.land,available,19.99,,68,2,16,name.com,,
180e218a-071d-497f-9504-9b43c3f47fcd,commonpractice.land,available,19.99,,66,4,15,name.com,,
1831b9fe-ff2b-4760-a10a-ce0997c3baae,continents.land,available,19.99,,50,5,10,name.com,,
18337a26-7778-403b-a21d-d9f7c7ce9ed8,goingto.land,available,19.99,,56,6,8,name.com,,
185e39dc-0f18-454e-ab34-703ca2d39675,getoninyears.land,available,19.99,,44,0,15,name.com,,
18897163-dde0-45cb-be57-3e77b4ff8419,estateduty.land,available,19.99,,50,1,11,name.com,,
188d59b9-7a34-4e71-9838-c1e29a920f7c,snaps.land,available,19.99,,52,20,5,name.com,,
1895dbc5-f53a-44e0-8ce4-5b59ad6a05d0,getitoverwith.land,available,19.99,,50,1,16,name.com,,
18a211df-a07f-436d-9fb8-58e914d23aef,pondered.land,available,19.99,,54,3,8,name.com,,
18b17b59-154f-4fd3-a00d-d017a325c7ea,counted.land,available,19.99,,58,5,7,name.com,,
18b4d02e-9fe8-46ff-9688-cefc7400e893,excitements.land,available,19.99,,50,1,11,name.com,,
18c94e68-e19c-4d9b-99c4-83fb3d04939b,velocities.land,available,19.99,,52,4,10,name.com,,
18ef6dbe-de99-4b39-9f28-e90597c82d01,organizers.land,available,19.99,,56,6,10,name.com,,
19004114-b160-4d00-ab33-b415ab5364f9,genes.land,available,19.99,,54,10,5,name.com,,
19264075-62e5-497b-b37e-9f58c6c7f791,thrilly.land,available,19.99,,71,2,7,name.com,,
193e3554-b397-47ff-b3e0-2487edea3354,takesteps.land,available,19.99,,71,2,10,name.com,,
196bc530-0130-4a2b-87a9-0bc9fd5cb97b,cheesedown.land,available,19.99,,62,0,11,name.com,,
19739203-fb41-434c-a6f4-a878072eed7a,urges.land,available,19.99,,51,4,5,name.com,,
19762a92-5a46-47bf-b747-d7cb0a310c58,jetairliner.land,available,19.99,,58,1,12,name.com,,
199d0b03-cd35-4267-96ad-9a487d9dc3d8,breastaugmentation.land,available,19.99,,66,5,19,name.com,,
199d6b79-e8e7-48ad-ad96-43254f363b4a,televised.land,available,19.99,,72,3,9,name.com,,
19bb65cf-e7e6-41c7-98fe-3de151c5dfee,comethrough.land,available,19.99,,78,1,12,name.com,,
19be52ce-0fcc-4368-9d86-6cc7060ef3f3,performed.land,available,19.99,,58,3,9,name.com,,
19d1448e-150f-4855-a7e2-74a8c7b27cea,oldriver.land,available,19.99,,52,2,9,name.com,,
1a0a7753-fe96-4784-bdef-5d060d81efd0,makesaneffort.land,available,19.99,,52,1,15,name.com,,
1a325928-4474-45da-a445-71446899d480,demoted.land,available,19.99,,46,1,7,name.com,,
1ac146b5-a9e4-4991-93ce-c1794564c9da,uncared.land,available,19.99,,57,1,7,name.com,,
1acd1585-1e2f-4015-a393-5a8c80c63678,lodged.land,available,19.99,,60,2,6,name.com,,
1aea4c09-b93f-4ec8-946b-be388ecba88e,Germanfries.land,available,19.99,,82,1,12,name.com,,
1b041437-34c5-40ae-9d8c-515d8b5ba30d,placeupon.land,available,19.99,,48,1,10,name.com,,
1b1db6bf-0f8e-4408-b49b-f7e3b55d7600,accountpayable.land,available,19.99,,62,2,15,name.com,,
1b2cb0c1-4359-4478-b200-229250be10a4,TwinTowers.land,available,54.98,,66,4,11,namecheap,,
1b35dc4b-d079-4e47-bb3f-bcbb9fa7c2ad,states.land,available,19.99,,70,16,6,name.com,,
1b3eb6a9-d3ce-411f-8b46-02a964507a79,roofs.land,available,19.99,,50,11,5,name.com,,
1b6b10df-5391-406a-946c-abfee6119e21,limits.land,available,19.99,,55,11,6,name.com,,
1b6cfd80-8559-4a5c-9ef5-0b6dede5790a,bluecheckmark.land,available,19.99,,70,2,15,name.com,,
1b93fd16-d8c5-4989-aeca-a1e1f24f34ca,references.land,available,19.99,,58,9,10,name.com,,
1b95c711-660f-4999-89de-0dae71b177d9,tattooing.land,available,19.99,,68,5,9,name.com,,
1ba77088-8778-43a7-9f9c-61658cb4e03f,strepthroat.land,available,19.99,,68,2,12,name.com,,
1bc1fc6e-85bc-46e0-a658-3f51b5fefddb,runwith.land,available,19.99,,70,5,8,name.com,,
1bd289d9-3ce6-411b-9905-3060d09695d8,roastpork.land,available,19.99,,76,1,10,name.com,,
1bd56e81-99fb-49cb-971e-67ce676220aa,tablets.land,available,19.99,,68,11,7,name.com,,
1bf415a9-0834-4e1f-862d-435a6ebfce27,AcademyAwards.land,available,54.98,,68,3,14,namecheap,,
1c1f9255-9390-4f17-9759-6400a07719c7,resources.land,available,19.99,,58,21,9,name.com,,
1c2b50eb-a0c6-490d-86c5-77abe891d088,makeovers.land,available,19.99,,62,3,9,name.com,,
1c593e2b-cb3e-4ce6-9082-4c647ae5d84b,votes.land,available,19.99,,60,11,5,name.com,,
1c72d19d-63fe-4ef6-acca-1f9121142216,motorvehicles.land,available,19.99,,42,1,14,name.com,,
1c76f600-8f7c-4c0a-98d8-ffa5c19cddbf,alotof.land,available,19.99,,60,5,8,name.com,,
1c862da9-7f33-4c91-a80c-2143fea3b17c,stirup.land,available,19.99,,82,3,7,name.com,,
1c8db2c2-5742-4a63-8b8c-c90a3c71790b,sterilization.land,available,19.99,,66,3,13,name.com,,
1ca4225e-abaa-4a39-a5a2-8692cfe3704c,fasttracking.land,available,19.99,,48,3,13,name.com,,
1cbc3816-2a89-493b-89bf-c4e3b0b6bed0,fastgrowing.land,available,19.99,,72,3,12,name.com,,
1cf78332-3326-4c08-8c56-eac710c8b59b,lightsout.land,available,19.99,,56,12,10,name.com,,
1cfaa719-5307-4a2d-91fa-59a0461596dc,vetoed.land,available,19.99,,50,2,6,name.com,,
1d1349d4-b984-49e6-bc1e-d4a2aa82a041,revenues.land,available,19.99,,54,6,8,name.com,,
1d1ebce8-01cf-4341-bfd0-2e4ba4788e8e,coffeemilk.land,available,19.99,,80,3,11,name.com,,
1d2585f1-8105-4e56-9cf3-d04862697053,Ikidyounot.land,available,54.98,,50,2,13,namecheap,,
1d33e0fe-6abb-4b69-a8ec-1fc24228b8b8,Icouldeatabrick.land,available,54.98,,50,1,19,namecheap,,
1d59818f-1949-4929-a470-2f6eb5edda73,exclaims.land,available,19.99,,50,1,8,name.com,,
1d60a8f8-13b2-451b-9e90-dddfdaf96ec4,secondarycare.land,available,19.99,,69,1,14,name.com,,
1da05fcf-0ba9-4800-9b87-9122a0f75391,accountreceivable.land,available,19.99,,62,1,18,name.com,,
1db6945b-b568-4de8-8127-e1451992fc90,offcampus.land,available,19.99,,67,7,10,name.com,,
1dcd2dcc-f9b1-44a7-8908-6948b98de5e3,coffeepots.land,available,19.99,,62,2,10,name.com,,
1dd4840d-f0d2-436f-93fd-ad2426241413,dowell.land,available,19.99,,76,12,7,name.com,,
1dd58e27-c403-4b50-9b64-0ae1093cd742,sobeit.land,available,19.99,,52,5,8,name.com,,
1e190dcb-113f-46a0-8222-a34c0d982931,trussbeam.land,available,19.99,,54,1,10,name.com,,
1e2811ec-d0d2-4ad9-a91f-9728b87fcf11,chickenofthesea.land,available,19.99,,68,2,18,name.com,,
1e399ed4-362a-4d57-87d4-5f45aa43163f,responded.land,available,19.99,,52,2,9,name.com,,
1e662c83-36bf-44cb-a5d9-e188a12706f6,prices.land,premium,123.75,,51,15,6,name.com,,
1e819271-c964-4ee9-9d2b-b268f5ff9854,errors.land,available,19.99,,46,11,6,name.com,,
1ec86bc0-87cf-4e52-923f-b6554a37611e,gowiththeflow.land,available,19.99,,82,7,16,name.com,,
1efbd106-d751-4333-b70e-403664c6709f,gaslit.land,available,19.99,,64,6,6,name.com,,
1f14b245-b935-4364-bbb0-0030c988fb00,stretches.land,available,19.99,,50,2,9,name.com,,
1f391b95-ddcf-4af2-9282-85812b69d2f1,ventilators.land,available,19.99,,48,4,11,name.com,,
1f4744f6-687d-4b8f-9a54-40b1d46a4f99,bloodpressuregauge.land,available,19.99,,48,1,20,name.com,,
1f6d9753-5dd0-4c1e-b6eb-f00f8eb7f5a5,behaviours.land,available,19.99,,54,3,10,name.com,,
1f897bc8-6a43-463a-94f0-b4aded922faf,lookingforwardto.land,available,19.99,,54,2,18,name.com,,
1f934138-c0e1-48bc-a7be-e1d0b25745d7,managed.land,available,19.99,,58,20,7,name.com,,
1fcd1efd-8403-4565-8a01-bb72c26194aa,overeasy.land,available,19.99,,68,8,9,name.com,,
1fedf4ae-d08c-4bbc-a725-6b0640d4056a,suspicions.land,available,19.99,,43,2,10,name.com,,
1ff22538-7879-4850-9020-36b5b14d0f79,gowiththewind.land,available,19.99,,74,1,16,name.com,,
2024abd2-3dd5-4b39-821f-2b9ea604ddd5,relocations.land,available,19.99,,54,5,11,name.com,,
20592561-cf1e-4ec7-8abe-e97df55cda9e,pumping.land,available,19.99,,76,8,7,name.com,,
2059cf62-cecc-4adc-b20e-c391d1d65476,variations.land,available,19.99,,46,5,10,name.com,,
205f19be-1fd4-4977-8bca-338bd4dcae2b,personals.land,premium,242,242,47,8,9,namesilo,,
206bffda-917b-4002-a447-d95e6316ff98,besupposedto.land,available,19.99,,60,1,14,name.com,,
207b44bb-4d06-4cb0-8241-ab8589986e54,godownfighting.land,available,19.99,,44,1,16,name.com,,
20a3ce16-8de0-4233-a8ac-623bdea69ec2,filefootage.land,available,19.99,,74,1,12,name.com,,
20e0752e-ff68-4331-8c9a-c0314e06d378,highresolution.land,available,19.99,,64,3,15,name.com,,
216fb46b-3e55-45dc-b131-49b7b42d436d,justifications.land,available,19.99,,44,1,14,name.com,,
217111cf-273f-48ad-9d84-a1788c1c13f0,introspections.land,available,19.99,,48,2,14,name.com,,
2181bf74-b8a5-4404-b43a-d5209395d4c4,agreements.land,available,19.99,,54,6,10,name.com,,
21a21465-3346-437f-811e-43439e440e2b,spellingbook.land,available,19.99,,48,1,13,name.com,,
21cde919-afbb-4338-9dd2-ce36347f502f,decides.land,available,19.99,,56,3,7,name.com,,
21e5987b-2d50-462b-9cc4-82b285759ca1,goingaway.land,available,19.99,,54,1,10,name.com,,
22029a5e-dcd8-4bbf-97d3-4f00a6a1f6fe,beawake.land,available,19.99,,84,3,8,name.com,,
2206d4b6-d915-49a3-ba1e-beae8a76d066,printmedia.land,available,19.99,,78,6,11,name.com,,
220a582e-eb18-4df1-bf7c-0d28c10b05f9,glances.land,available,19.99,,52,5,7,name.com,,
2223a167-79b3-42ab-b0ba-cd140e538c4b,notifies.land,available,19.99,,50,3,8,name.com,,
2246457e-e2b5-4256-94d8-7c4a2232008f,daydreamed.land,available,19.99,,62,1,10,name.com,,
22607204-bc72-49f6-b2d9-9d7dd8126bde,comeknocking.land,available,19.99,,66,1,13,name.com,,
2264d682-2624-4f87-a64e-b1c5720bab92,rumcake.land,available,19.99,,81,3,8,name.com,,
2276bf51-a671-400e-88fb-163c7dad6090,referredto.land,available,19.99,,46,1,11,name.com,,
2277ac24-e51d-4dcb-a0e2-7cf9e1b30e6b,indanger.land,available,19.99,,60,1,9,name.com,,
22b01686-0623-46d4-9b49-3a1647a3d550,comedies.land,available,19.99,,56,3,8,name.com,,
22b045e1-54c6-48c1-b2f9-5a4a6e9b4f6e,havetheadvantage.land,available,19.99,,46,0,18,name.com,,
22c7c84a-85e7-4b47-86fc-96963ee01440,explanations.land,available,19.99,,50,2,12,name.com,,
22dba5a8-0d4c-4777-8add-36d250b7a3f2,doctors.land,available,19.99,,56,26,7,name.com,,
22f70f7c-2d69-416d-9cee-e96b1d3a647f,comeupto.land,available,19.99,,72,1,10,name.com,,
2316d1d4-68ad-4fd0-a236-08d602b9823c,childdevelopment.land,available,19.99,,48,4,17,name.com,,
232092f7-d1f7-4a37-9a9a-bf7fd773387a,introductions.land,available,19.99,,56,4,13,name.com,,
23672023-0bf7-4794-aeae-f5ddda7e662f,peas.land,available,19.99,,51,10,4,name.com,,
238a7081-aac5-415d-a81c-32c290f6d863,asquoted.land,available,19.99,,48,1,9,name.com,,
239dd8f8-9a17-42fc-a8a9-6a0c494fed32,woes.land,available,19.99,,46,4,4,name.com,,
23af87b5-0a88-435d-b6f4-fa0f2f4c1088,DalaiLamas.land,available,19.99,,62,0,11,name.com,,
23b843d5-5abf-4b66-a16b-b731389e1a9e,pickups.land,available,19.99,,50,5,7,name.com,,
23e04683-7a20-4330-8806-59c7112c4f75,messed.land,available,19.99,,46,2,6,name.com,,
23efdcc2-17d2-4ca4-89b2-fb88bab96270,toweloff.land,available,19.99,,70,1,9,name.com,,
23f83778-8c3d-4307-b718-0e7e8975504a,comeupagainst.land,available,19.99,,38,1,15,name.com,,
23f8a7ca-fe41-4e0e-aca6-9fb05b322a2d,roastbeef.land,available,19.99,,80,4,10,name.com,,
23fae93c-39c7-4eef-b48a-e40301303974,reflections.land,available,19.99,,53,16,11,name.com,,
24259b4b-9a76-480d-919b-9c2b9c565006,technicals.land,available,19.99,,52,6,10,name.com,,
2448a34e-33d6-4121-86ad-29e37d87c224,highschools.land,available,19.99,,65,4,12,name.com,,
24549f12-237a-4b6d-8d84-f627de75e765,languages.land,available,19.99,,62,12,9,name.com,,
245aed1b-1d28-4c53-9432-fa3aee6a57ff,coffeecakes.land,available,19.99,,62,2,11,name.com,,
2474c571-a430-487d-8838-8162c946f909,negotiations.land,available,19.99,,56,6,12,name.com,,
24bf0dac-2251-4144-8d6f-a495d53d45f5,DaffyDuck.land,available,54.98,,86,2,10,namecheap,,
24e35e6e-a773-46ed-82ea-c2dfd7c69c8d,longterm.land,available,19.99,,72,10,9,name.com,,
2506ae9a-f710-4cee-a346-f74453bd3c66,getontheendof.land,available,19.99,,64,0,17,name.com,,
250a05ec-65ca-4675-9a4f-c36c7bdabb66,coffeecake.land,available,19.99,,80,2,11,name.com,,
250c44ea-6f80-47fd-8319-fac99f96f1b4,papered.land,available,19.99,,50,3,7,name.com,,
252f5939-850d-4f9d-9db6-b83616234ba2,keepupwith.land,available,19.99,,76,2,12,name.com,,
255e0d13-d267-4476-bec3-7caaf9e8216a,generalsofthearmy.land,available,19.99,,48,1,20,name.com,,
256368e8-dd5e-4576-95fb-375323f32c92,nodded.land,available,19.99,,56,2,6,name.com,,
256771ef-4850-42d5-b43d-3377f33b157e,chickenliver.land,available,19.99,,64,1,13,name.com,,
25dd32c2-bf34-4116-b2cb-49249a5b3952,thethingis.land,available,19.99,,48,2,12,name.com,,
266db9e1-c358-45c3-9b5c-9a5f0680fa6c,precautions.land,available,19.99,,48,2,11,name.com,,
2676c678-55c9-4619-ac5d-66ef6ea73090,cups.land,available,19.99,,60,12,4,name.com,,
269d4e15-5e69-4f9b-81eb-6e028fc92312,traps.land,available,19.99,,68,7,5,name.com,,
26b56ddb-8084-4cd5-8423-61fce1d830bd,getrid.land,available,19.99,,56,3,7,name.com,,
26ba3731-ccf5-485b-adcd-61561100e31d,heavymetal.land,available,19.99,,70,15,11,name.com,,
26dd6631-90e3-4772-9342-f59c44f3f395,stumps.land,available,19.99,,65,4,6,name.com,,
26eab804-eee6-4439-98fb-976e093a9748,pairofstairs.land,available,19.99,,65,1,14,name.com,,
26faabca-7701-4836-a67c-0e46b382be3b,eachtotheirown.land,available,19.99,,46,1,17,name.com,,
27109869-aa2f-4e25-8e4b-128a4a6804e3,keepfrom.land,available,19.99,,52,1,9,name.com,,
2712e4ff-10ac-482b-a6e4-2697844e30bf,scootover.land,available,19.99,,66,2,10,name.com,,
2716c953-9122-49f7-b00d-e44837bf7f1d,inwithachance.land,available,19.99,,60,1,16,name.com,,
27247191-312f-488f-94e4-fab7d4fec913,coulduse.land,available,19.99,,56,1,9,name.com,,
2739b862-b076-42e7-abd5-8d5e1bf18d5f,continentalshelf.land,available,19.99,,60,3,17,name.com,,
27482432-e4ea-4347-90e6-64057f0e6a40,aunts.land,available,19.99,,54,2,5,name.com,,
2775ad3f-8512-418b-9a43-10b8e161d2a1,nurses.land,available,19.99,,54,13,6,name.com,,
27a73ac8-4b24-4152-b60d-aceccab05071,terrifies.land,available,19.99,,39,1,9,name.com,,
2802022d-01c0-4609-b0ac-9f84d8e38f53,establishments.land,available,19.99,,42,3,14,name.com,,
28095f23-1000-4e19-9954-31c04cd8dc30,destinations.land,available,19.99,,72,14,12,name.com,,
28185b39-e0c5-4a16-a1f0-660c5188b8ce,Iswear.land,available,54.98,,58,2,7,namecheap,,
281cf4e8-60d4-4ca7-8997-95959eac2a22,satellites.land,available,19.99,,59,8,10,name.com,,
283560f5-3e53-42ec-ae2b-189a683aab17,getthehint.land,available,19.99,,74,1,12,name.com,,
2850f3aa-5065-43ad-9cb9-ec29c67b1f32,GodtheHolySpirit.land,available,54.98,,58,1,19,namecheap,,
285722f3-1833-4eea-851c-2711d713104f,seperation.land,available,19.99,,48,2,10,name.com,,
288850eb-dd13-4aaa-869c-d14f560ecc8a,officehours.land,available,19.99,,75,10,12,name.com,,
288c5556-7d75-4745-8436-c7ae7412331b,tongues.land,available,19.99,,51,6,7,name.com,,
289f7053-6c1e-4c77-84d6-6d5061d64d97,costofsales.land,available,19.99,,44,1,13,name.com,,
28a0645f-c51b-462a-9bd7-35bc5eb949eb,tartarsauce.land,available,19.99,,76,2,12,name.com,,
28a28e66-fcff-45aa-9e40-cd9b2235b2de,poems.land,available,19.99,,58,9,5,name.com,,
28af3dd2-b1df-43a0-9ace-a7bd9ed49010,uptill.land,available,19.99,,50,1,7,name.com,,
28bfc985-c91d-4e81-9a4d-00cf73a03bf5,appreciates.land,available,19.99,,62,3,11,name.com,,
28f828cd-b0f9-402d-9841-9cda7d3ac0de,twentythree.land,available,19.99,,65,7,12,name.com,,
291b8d3d-f9d9-42e6-90cc-eb26e70dac09,waxpaper.land,available,19.99,,66,2,9,name.com,,
292bbc38-1e76-4271-91f4-70e0356089cb,sellon.land,available,19.99,,68,6,7,name.com,,
2943b85e-3e7b-4248-a75f-46dbf484bcc9,comeonto.land,available,19.99,,72,1,10,name.com,,
294d0100-ee97-45da-9b5f-d97bafb9123d,conveniencestores.land,available,19.99,,46,2,18,name.com,,
2956eb92-0096-4f29-a176-e7620589c470,eachtime.land,available,19.99,,56,2,9,name.com,,
29c79bf1-47f3-4644-aa48-8aefeafa9442,clearout.land,available,19.99,,70,5,9,name.com,,
29d5a4e1-2097-4319-9dd2-749c5832e0f5,claire.land,available,19.99,,68,26,6,name.com,,
29dc2560-be51-4aec-ad0e-168379d64122,profiled.land,available,19.99,,52,7,8,name.com,,
29f075d1-d10a-47cc-89fc-3e6a38db79cb,redial.land,available,19.99,,71,6,6,name.com,,
29f7c2ba-fb08-4592-9773-9f2bfae3f9e5,mosquitos.land,available,19.99,,42,5,9,name.com,,
29f9b880-7540-49de-b25d-4af969629c49,knocks.land,available,19.99,,48,5,6,name.com,,
2a327d3c-9f2b-4648-a2ba-be9576c4a2d4,softsell.land,available,19.99,,72,3,9,name.com,,
2a35545a-d1d9-48ba-a3ed-79e95c17b9e8,grams.land,available,19.99,,70,12,5,name.com,,
2a3f22a7-ee91-4245-b873-36cc307f4a15,slipby.land,available,19.99,,64,1,7,name.com,,
2a41bdc7-b28c-41b1-adc6-ec41bed25ddc,throws.land,available,19.99,,52,5,6,name.com,,
2a5f3110-a5e0-4c53-8348-33eebcb8edf7,surebet.land,available,19.99,,82,8,8,name.com,,
2a76fe0e-2331-41ab-8f01-873ace1cd3e5,smashdown.land,available,19.99,,58,2,10,name.com,,
2a8be166-4bfa-4cff-b049-11dba3f3b379,facilitation.land,available,19.99,,74,12,12,name.com,,
2a97f9e8-a1ed-42f3-8601-62ce1a487676,reacted.land,available,19.99,,52,3,7,name.com,,
2abb583a-f3b5-425b-a237-e57d13b147f7,manuallabour.land,available,19.99,,58,1,13,name.com,,
2abca411-9fab-4350-9bd3-a8abc0866c76,walktheline.land,available,19.99,,68,3,13,name.com,,
2acd4a25-f91c-4951-87ea-86f590ed63ad,flipthescript.land,available,19.99,,72,6,15,name.com,,
2ae80dc6-6fb4-4c30-b57d-e924d0c44798,opinions.land,available,19.99,,62,11,8,name.com,,
2b1e1d61-e055-4956-bfbd-b6c3ad8a6a0a,cutthrough.land,available,19.99,,74,6,11,name.com,,
2b250121-2dc8-4a18-b0a2-9aa4c6f85764,partners.land,premium,123.75,,61,32,8,name.com,,
2b32e968-c1c9-405e-b8a5-5afa0ad8710d,smashandgrab.land,available,19.99,,48,2,14,name.com,,
2b49fa4b-6da0-4852-b3a5-c9d448718190,neighbors.land,available,19.99,,63,17,9,name.com,,
2b5a7266-0734-4101-9536-67069b4d7ac9,trades.land,available,19.99,,71,26,6,name.com,,
2b60453b-d359-48fa-919f-54234cebd645,bangles.land,available,19.99,,56,4,7,name.com,,
2bb2eefa-2f34-48b9-b5a5-1bf940086522,owns.land,available,19.99,,56,8,4,name.com,,
2bb5995d-3022-4925-8654-871ba12fcea9,gettheballrolling.land,available,19.99,,72,1,20,name.com,,
2bcc854b-a3a0-409a-a4b4-56c738f7ec43,keepwith.land,available,19.99,,48,2,9,name.com,,
2bcf4951-ee7b-4cf9-94a5-ff4ab2bc2535,contains.land,available,19.99,,54,4,8,name.com,,
2bf2ed00-708d-41c7-9295-511502b5f19b,gettogether.land,available,19.99,,82,8,12,name.com,,
2c074ab5-cf0a-405a-9b50-7ad428bfc381,modernschool.land,available,19.99,,48,2,13,name.com,,
2c094787-9be3-4988-aa61-a8dd57f66d51,CapeCod.land,available,54.98,,78,22,8,namecheap,,
2c1d7757-ae9a-4fa8-bfee-287b83144e6a,praises.land,available,19.99,,56,3,7,name.com,,
2c2fe9e3-1c25-4843-ae13-70f98f9aeddf,niggers.land,available,19.99,,37,13,7,name.com,,
2c58ad6a-8c55-4d61-97d8-55b5dd1c63d2,defaults.land,available,19.99,,44,7,8,name.com,,
2c5a9113-cd7e-403d-8ff4-fe7768f6dfea,manysplendored.land,available,19.99,,60,2,15,name.com,,
2cb0233c-f6c7-4f97-85e8-a9bb347b6c6e,tasked.land,available,19.99,,53,6,6,name.com,,
2cb0c4e8-276d-4ae1-93f3-a9d3c346b21c,incheck.land,available,19.99,,46,5,8,name.com,,
2cd22918-b4df-4a1b-9dfd-7f5d063df198,propernouns.land,available,19.99,,48,1,12,name.com,,
2cd2a094-2f67-472d-b5fe-5b8514e78f3a,ibanking.land,available,19.99,,76,7,9,name.com,,
2cd55834-2fe6-47ad-9ebb-9eaea1aa5df1,Alexis.land,available,19.99,,72,21,6,name.com,,
2cdcd95a-3997-4366-9d1c-26b8f83338a9,pardonme.land,available,19.99,,62,4,9,name.com,,
2ce134ee-cb35-467b-b34e-6be6fbd0c24d,tells.land,available,19.99,,62,7,5,name.com,,
2ce63bf2-92a7-4cbc-b1cf-2d23ec676005,letlie.land,available,19.99,,72,1,7,name.com,,
2cf40550-f2a3-49cf-bacf-abefc56c928b,grandpas.land,available,19.99,,68,4,8,name.com,,
2d07815d-dd27-4d59-b7b3-4c0abb00e124,stalled.land,available,19.99,,48,3,7,name.com,,
2d0a76d4-4ff2-4203-8254-ea6b8a3a87f9,playarole.land,available,19.99,,68,1,11,name.com,,
2d157fd2-1cd1-4325-a016-dcb25033e1f8,goneover.land,available,19.99,,50,1,9,name.com,,
2d33ecd3-f40e-4032-b093-9c2073992e1e,letusgo.land,available,19.99,,57,4,9,name.com,,
2d517126-9fce-417c-81db-8ceaad1459f0,costcutting.land,available,19.99,,64,3,12,name.com,,
2d7fcf8b-bc14-4e98-990c-d1159d88e817,aboutto.land,available,19.99,,56,2,8,name.com,,
2d9c2485-78c6-4e3c-925b-5c9c192dddeb,sparkles.land,available,19.99,,62,15,8,name.com,,
2dadb1cd-8a5a-4d5c-9a5b-0d5d12e03882,makeuseof.land,available,19.99,,58,2,11,name.com,,
2db32d03-ae9d-4192-a581-ed627f5eb996,fellowships.land,available,19.99,,52,4,11,name.com,,
2dc09bb2-5697-4fb6-abbe-324157a024af,noodlebar.land,available,19.99,,62,2,10,name.com,,
2dcb20bf-7843-4065-85f5-ca93a3f9ac84,goaround.land,available,19.99,,74,4,9,name.com,,
2de27eac-53ee-4f90-9390-e84800056d6a,portholes.land,available,19.99,,46,2,9,name.com,,
2dfb5e5d-7164-4221-8fa7-5079f436c4c6,getready.land,available,19.99,,88,11,9,name.com,,
2e0bdb83-3720-4a79-a6d9-bf0d8ce972bd,treatof.land,available,19.99,,72,1,8,name.com,,
2e4809d5-4548-4db8-975c-a352a3c2ef05,lunchmaking.land,available,19.99,,78,1,11,name.com,,
2e739c9b-5e0f-41b6-bede-e7d3b726d811,overwhelmed.land,available,19.99,,48,5,11,name.com,,
2ec3b192-542b-4904-a98d-479a21024e5a,vitamins.land,available,19.99,,60,17,8,name.com,,
2edcb867-0beb-48b4-b506-185821c00da3,executives.land,available,19.99,,64,12,10,name.com,,
2eebfb5d-dc8c-4672-83bf-edcedcb62723,havea.land,available,19.99,,60,7,6,name.com,,
2f055a77-cd61-4377-9cc8-c88ef56e9947,goitalone.land,available,19.99,,74,1,11,name.com,,
2f07b26c-004e-40d1-8bbe-1507dc1473f8,songbirds.land,available,19.99,,64,6,9,name.com,,
2f3b9aa6-d0ba-496f-872c-f450471c10c2,deepbreathing.land,available,19.99,,74,2,14,name.com,,
2f3f6363-3858-48f3-ab21-57f094a57048,possibilities.land,available,19.99,,52,7,13,name.com,,
2fc49984-360d-441d-8b08-020a37b5a883,fasttank.land,available,19.99,,50,0,9,name.com,,
302b8821-a6d9-4cfe-abeb-6248858521aa,missionimpossible.land,available,19.99,,68,5,18,name.com,,
30a732d1-45d6-4a00-989a-4194fdb832af,attachments.land,available,19.99,,58,6,11,name.com,,
30bad28d-34ae-4e9b-8503-98e301be9ad9,workers.land,available,19.99,,60,20,7,name.com,,
30cd98a5-8e04-46b2-8c99-d58994f93629,overdressed.land,available,19.99,,64,3,12,name.com,,
30d9cc93-7f6f-4338-98e5-3d8983056f6d,Iship.land,available,54.98,,76,6,6,namecheap,,
30eab51b-d9dc-4189-9c0d-388ed7c1a971,endconsumer.land,available,19.99,,68,1,12,name.com,,
30f5d27b-4efa-4599-b87c-f0e87fd401c8,boilingpoint.land,available,19.99,,60,3,13,name.com,,
30f921ef-4102-4b9c-8c30-768bc72377cc,faces.land,available,19.99,,60,21,5,name.com,,
3101d670-e6a8-49b6-b433-48d830d2f5ed,deciders.land,available,19.99,,56,3,8,name.com,,
3105534c-1c26-4fac-a419-17e59ef8a499,getoutsideof.land,available,19.99,,66,1,14,name.com,,
313b0574-168a-4d03-b689-9085058bbc01,cliponnecktie.land,available,19.99,,48,1,15,name.com,,
3148a728-6f58-4fcd-a785-97bc32238e68,letsomeonego.land,available,19.99,,69,1,14,name.com,,
3157c334-75ff-46fd-af67-5c3db3ec6ec7,theories.land,available,19.99,,58,6,8,name.com,,
3169e457-fb1a-4000-8cf9-596935b8d9b0,estimators.land,available,19.99,,50,3,10,name.com,,
316e5eaa-c5e0-428d-87d8-de6eaed31b5c,settlefor.land,available,19.99,,76,0,10,name.com,,
317d7f11-883b-49e7-8f34-93f439eb0267,lookouts.land,available,19.99,,52,3,8,name.com,,
31953725-0853-4e19-a20d-cddd22ca24c1,hammerout.land,available,19.99,,70,1,10,name.com,,
3195d0d1-dae7-4f64-b22c-8af787a701c8,cometogripswith.land,available,19.99,,62,1,18,name.com,,
31a5eea9-7a6b-4ee7-8313-5c2cd5b88b59,expects.land,available,19.99,,50,3,7,name.com,,
31b6866f-9442-403f-9e8b-8ac2c1603adc,turnsback.land,available,19.99,,53,1,10,name.com,,
31c8d708-8edd-4c7d-804f-46ac0e90936f,believed.land,available,19.99,,64,3,8,name.com,,
31c8db87-867a-4930-843c-aa90d4ea5a8f,smiths.land,premium,118.8,118.8,50,16,6,namesilo,,
31d48ad1-fca5-40e3-a09a-b2cb15adf150,tablespoons.land,available,19.99,,54,2,11,name.com,,
31dd30e4-539e-4280-844a-aaf974d12025,disinfection.land,available,19.99,,74,5,12,name.com,,
31fe79d4-d9a1-4e97-b206-28a1af6b5d98,parkin.land,available,19.99,,59,8,7,name.com,,
3209a85a-a250-4562-8278-cb9bc55b4a1a,scoops.land,available,19.99,,54,9,6,name.com,,
3237e318-9ae9-4b22-9cf1-bef6963a808d,bills.land,available,19.99,,54,19,5,name.com,,
3241dca1-cdd2-4878-a622-98288e4411aa,chickenstrips.land,available,19.99,,74,2,14,name.com,,
32462d22-a565-481c-acc4-a3c43b6a4904,backyard.land,available,19.99,,80,27,9,name.com,,
3256b6c1-2f91-4ceb-b63f-3d7e57e4e161,ofchoice.land,available,19.99,,58,1,9,name.com,,
32716683-8780-44df-8cca-f1edb22b8f19,pigeons.land,available,19.99,,50,10,7,name.com,,
3287cd38-c6d4-499e-a1ff-36ca457ca365,dryers.land,available,19.99,,54,5,6,name.com,,
32936c62-ae95-434f-8dfd-543c103f4323,herbalmedicines.land,available,19.99,,52,2,16,name.com,,
32a0a63d-bfe4-4956-b95e-5595ca833fe3,SikhEmpire.land,available,54.98,,64,1,11,namecheap,,
32d77249-17ab-42f0-b528-4a12efe62ae8,paperingover.land,available,19.99,,53,1,13,name.com,,
331c324f-9eb6-40d1-9f29-c3246d2c5ad4,cometoahalt.land,available,19.99,,62,0,14,name.com,,
332d0f48-1b21-4a13-86c7-32755d9157a1,stronger.land,available,19.99,,67,19,8,name.com,,
332dcfc6-8e84-4483-81e5-f02a978778b8,screens.land,available,19.99,,54,13,7,name.com,,
333e11c8-8889-473d-a4e5-0735d964b0fc,travellers.land,available,19.99,,53,11,10,name.com,,
33446c13-565c-4b6f-a123-12164d6a6b82,busoperator.land,available,19.99,,50,2,12,name.com,,
336aebf6-1f28-4f14-911f-a3e57ee78417,gingerbread.land,available,19.99,,80,10,11,name.com,,
337695df-d3bd-4b84-9f8c-3ddf901b532d,strapup.land,available,19.99,,68,1,8,name.com,,
338226bf-0fcb-46ce-bbe9-d9e052fbf9f3,indetail.land,available,19.99,,49,4,9,name.com,,
33924148-dd83-4452-8950-ad0e44ddc0f0,breastmilk.land,available,19.99,,74,4,11,name.com,,
33979a8c-5671-4b0b-bdbb-656455f920e8,deepinthought.land,available,19.99,,52,1,15,name.com,,
33a6222b-8c52-4151-a5fb-775e3d539b51,signs.land,available,19.99,,64,22,5,name.com,,
3403d7b5-cb7b-4b14-89c2-a0ce7a2ea2f5,cuddles.land,available,19.99,,71,10,7,name.com,,
34046fec-3d57-4832-956d-cf8c13da95f0,barbedwire.land,available,19.99,,66,3,11,name.com,,
340edfc2-1f0d-409b-9bfc-8dd404fa456c,coffeeklatsch.land,available,19.99,,72,1,14,name.com,,
341a46fe-f876-49cb-826f-87c761f37c64,timetables.land,available,19.99,,50,4,10,name.com,,
34663a8c-1a5f-4ef4-94f9-0ba8dff046a8,daughters.land,available,19.99,,60,8,9,name.com,,
34a08158-0125-4f8d-a382-8ea7d076fa4e,doesone.land,available,19.99,,52,0,8,name.com,,
34a943a4-9281-4242-af7f-c26ba3f0b5a8,HighRenaissance.land,available,19.99,,64,1,16,name.com,,
34bc9e13-1e02-4367-8264-d84ec7c2a034,requests.land,available,19.99,,56,10,8,name.com,,
34d1cff6-99f1-48fc-a92e-41d94129bfdd,notleast.land,available,19.99,,62,1,9,name.com,,
34d8591e-7226-427a-bfe4-d75d7c4d9fb9,principally.land,available,19.99,,60,1,11,name.com,,
34eeab5d-f019-4935-be0f-2bfb7c1cfc69,washes.land,available,19.99,,54,3,6,name.com,,
34f072d2-0ae7-4dc0-b146-c99010165a66,commonknowledge.land,available,19.99,,72,5,16,name.com,,
35338c86-28fd-4c08-84a4-16220e577d47,Christians.land,available,54.98,,62,15,10,namecheap,,
35399401-c787-4dd7-b1fe-0daa6c495d82,belike.land,available,19.99,,74,7,7,name.com,,
355e97cc-925a-43b0-a275-7848db999bbe,geese.land,available,19.99,,53,10,5,name.com,,
357c0887-93a7-42ee-bd9d-038d9a7d7420,grassrootsdemocracy.land,available,19.99,,66,1,20,name.com,,
3591ec7b-2a7b-4a21-90d1-8419c1d8f79f,motions.land,available,19.99,,62,12,7,name.com,,
35a22f91-76ea-4ee7-ad8d-e0aae0143718,thanksgiving.land,available,19.99,,84,13,12,name.com,,
35af127e-cfdc-461c-98a4-38f74a7002b8,actions.land,available,19.99,,54,15,7,name.com,,
35d8e6f3-46c0-4b72-bcc8-058787d29f1a,comeintoplay.land,available,19.99,,70,1,14,name.com,,
35d92640-81c4-43e6-b436-a5ed74814aab,costofbusiness.land,available,19.99,,44,1,16,name.com,,
35f1e283-9091-4ead-8a9d-c335410b35e4,CountyofHawaii.land,available,54.98,,50,1,16,namecheap,,
3623b2ec-e138-4ddc-bcc1-1e70fc2538e5,wanttobet.land,available,19.99,,62,1,11,name.com,,
3625d4c6-ec9a-4540-aefc-26d9ccbf05ab,gomad.land,available,19.99,,70,5,6,name.com,,
36271e44-5d7c-463c-8ba3-ca3c343f9391,onetrickpony.land,available,19.99,,56,6,14,name.com,,
362abdbc-4398-4003-af75-e8c1d9f2cbbb,rocks.land,premium,250,,78,18,5,name.com,,
3661bd25-800b-45a6-96a3-cd39439e5178,suspecting.land,available,19.99,,48,1,10,name.com,,
367ac85b-18ab-400b-b93f-41d35c617ceb,baby.land,resell,,,78,31,4,Porkbun LLC,02/11/2025 17:19,02/11/2026 17:19
36858271-e960-44d1-9681-88377785a21e,does.land,available,19.99,,60,15,4,name.com,,
36862cfe-4d54-428f-b78e-e6acf6dbc8b4,movingforward.land,available,19.99,,56,8,14,name.com,,
368e0e36-7b8c-40ec-b37b-8d95c7801f40,gonefishing.land,available,19.99,,72,7,12,name.com,,
36c757cd-9597-408b-8d80-0ad799c68085,notsomuch.land,available,19.99,,46,1,11,name.com,,
36f639e5-1acd-4cc8-8311-5f8f8d573855,majorityleader.land,available,19.99,,54,1,15,name.com,,
36f751f6-fd28-4149-a24e-baa8d10dbeb7,devoting.land,available,19.99,,56,2,8,name.com,,
36fcd091-0198-45f4-9256-3c5ab78c5461,contemplating.land,available,19.99,,42,3,13,name.com,,
3700c2c9-d4dc-4862-b269-bfbacff314ce,generallyspeaking.land,available,19.99,,58,2,18,name.com,,
37081e25-6cf3-42c5-a0b5-cbce254d5db6,arriveat.land,available,19.99,,70,1,9,name.com,,
37087f07-ce43-48ea-8cb3-306a6839d5bf,tourists.land,available,19.99,,58,7,8,name.com,,
370d11ab-a4cb-4040-81da-05c0500419ef,electricians.land,available,19.99,,56,10,12,name.com,,
373a4370-76a2-40fa-9236-483534f20f2d,shareholders.land,available,19.99,,50,5,12,name.com,,
37543441-4b11-4802-95bc-4039f89d23a9,jetlag.land,available,19.99,,72,17,7,name.com,,
375b1c2e-2e8f-4a75-a4ec-ad7da948343f,pins.land,available,19.99,,68,15,4,name.com,,
3760c488-c7a9-4333-a1ba-f9d2b855a943,grayer.land,available,19.99,,60,3,6,name.com,,
377eb905-52e4-4fb5-84dd-aee93e21b709,Ihaveafever.land,available,54.98,,50,1,14,namecheap,,
3789428d-61b4-457d-b18d-9a487e531baa,informs.land,available,19.99,,62,6,7,name.com,,
378d0585-4b37-47ac-a8f3-a5ac26457a3a,filesharing.land,available,19.99,,76,7,12,name.com,,
378eb4c0-0b49-4a46-a71b-72ad24168def,MardiGras.land,available,54.98,,78,10,10,namecheap,,
37b89d53-850a-4f40-b910-33a9beb4557c,refused.land,available,19.99,,50,4,7,name.com,,
37c3b1fa-09bb-43c2-b71c-c2951e40c8f3,highprofile.land,available,19.99,,70,4,12,name.com,,
37d0fb0a-030f-4a5f-a795-b5666a0964bb,shoveover.land,available,19.99,,59,1,10,name.com,,
37d73874-a342-488a-aaae-74bbddfb97bd,texted.land,available,19.99,,59,4,6,name.com,,
37d87af8-03e6-4d31-8782-2b7d3d43ccf0,getturnedaround.land,available,19.99,,64,1,17,name.com,,
37e864aa-3f06-4c60-b1ca-537ff1fd03de,takeout.land,available,19.99,,75,16,8,name.com,,
3813d463-24ca-496e-ba12-aae97a4880eb,buses.land,available,19.99,,58,10,5,name.com,,
381d8e0e-fb85-466c-8327-1eb1bf11755a,alternatively.land,available,19.99,,58,9,13,name.com,,
3823f929-23be-4c08-ac62-7398363ac212,instep.land,available,19.99,,72,7,7,name.com,,
383de9f5-02bc-4005-8aa1-3d51225263db,snowed.land,available,19.99,,52,3,6,name.com,,
387f52d3-fd7b-4c0e-9807-53b4d953a825,letonego.land,available,19.99,,77,1,10,name.com,,
38829013-a1c7-48e0-ba50-6eafc0ee31f8,getoneoveron.land,available,19.99,,64,0,15,name.com,,
388ba596-6b6c-415a-b947-33e6848c2cf7,touchdowns.land,available,19.99,,57,2,10,name.com,,
389ce17f-9df0-4cd0-b069-22314079f8b5,splits.land,available,19.99,,70,9,6,name.com,,
38ff5b4e-1c95-4deb-bc50-5949d47deddc,abovethescroll.land,available,19.99,,40,1,16,name.com,,
3903af66-8f1c-472b-8617-d9ab4f0a9daf,strangers.land,available,19.99,,46,9,9,name.com,,
390e9c48-41dc-4ad2-8c13-c84ca1bd2285,organizing.land,available,19.99,,76,12,10,name.com,,
3921549b-7287-4bc7-bd50-d171050a6eac,costprice.land,available,19.99,,70,4,10,name.com,,
3923849f-3b00-4471-9484-e6012ac22572,organdonation.land,available,19.99,,72,2,14,name.com,,
3923a5ab-5d10-4121-a4dc-9cc2c8f00176,backtofront.land,available,19.99,,46,3,13,name.com,,
3947f4f9-9376-4800-937a-dc4901a423c8,takehuff.land,available,19.99,,64,1,9,name.com,,
398e2180-d678-4e45-b4fc-1268f16d5012,letup.land,available,19.99,,74,3,6,name.com,,
39997cf5-7dc8-4260-9d56-53561992a7ee,wheels.land,available,19.99,,76,20,6,name.com,,
39a07de3-6932-4e2d-845b-b2cbfc77809e,manytoone.land,available,19.99,,68,2,11,name.com,,
39b50ff1-394b-4d2e-b5a5-0ca7429dee28,coffeeglass.land,available,19.99,,80,1,12,name.com,,
39b740a1-5b4c-4649-9941-01eecbe79f95,promotions.land,available,19.99,,64,14,10,name.com,,
3a16cb62-0fa9-4f8e-ae51-2a38d6a05ce1,makingwaves.land,available,19.99,,64,7,12,name.com,,
3a28a91f-7f7d-4b6f-96e2-c728d5f678ff,bebothered.land,available,19.99,,63,1,11,name.com,,
3a7d30dd-2569-498b-ad64-842b822cb58a,gonuclear.land,available,19.99,,68,3,10,name.com,,
3aa33dbb-4120-4ea4-b688-e61d793c560b,stabilization.land,available,19.99,,66,3,13,name.com,,
3aa7f279-4d99-4c6a-931b-0001b93953b4,abided.land,available,19.99,,70,1,6,name.com,,
3ab12014-23cb-4c57-8f83-55d9b2797843,outlets.land,available,19.99,,56,10,7,name.com,,
3ac9385b-e55d-4f37-9511-e13a62d9a0ab,plateglass.land,available,19.99,,60,1,11,name.com,,
3ac9db95-f80b-4bcb-8a48-433b7853618e,chiefs.land,available,19.99,,50,10,6,name.com,,
3aec9456-aee1-4d5d-8775-ae5510b68fb8,breasts.land,available,19.99,,50,9,7,name.com,,
3b09d245-1d8f-49eb-9aed-ebb3885f778d,vitalsign.land,available,19.99,,72,4,10,name.com,,
3b6d820a-64e2-42b8-ac7d-c645bd11b422,newsfeature.land,available,19.99,,50,1,12,name.com,,
3b942072-e187-42c9-ba24-756aeef99c2c,FinalFour.land,available,54.98,,82,3,10,namecheap,,
3bb2ffd5-97e6-4935-a703-80e60260167f,makefirstbase.land,available,19.99,,42,1,15,name.com,,
3bce947d-1c19-4b71-bf48-569cd30b1ed9,CountriesinAsia.land,available,19.99,,48,1,17,name.com,,
3beab8fd-cdb8-4df9-8954-8e28d7e3175b,corrections.land,available,19.99,,68,6,11,name.com,,
3c00e05a-3a6c-441b-97af-3448db7bbda6,makewaves.land,available,19.99,,78,8,10,name.com,,
3c4032ad-cfe6-4ce6-b18a-cdc8f9b9f58f,gives.land,premium,123.75,,52,12,5,name.com,,
3c52fbcd-226b-41cb-89e9-1633ddba0ba3,nights.land,available,19.99,,74,12,6,name.com,,
3c6b6dc2-6854-4dbd-b961-71262d77c930,prettier.land,available,19.99,,62,5,8,name.com,,
3c80f62c-ce28-4c69-a389-98d1721cacaa,introduces.land,available,19.99,,58,2,10,name.com,,
3ca24a5c-17e5-42f7-9657-31dd7b17b655,wellbuilt.land,available,19.99,,78,7,10,name.com,,
3cab5874-f443-4d18-81dc-34b12d74f9b8,filetypes.land,available,19.99,,46,3,9,name.com,,
3cc155a1-922f-4a1a-8c43-0122ab72bc43,goAWOL.land,available,54.98,,46,2,7,namecheap,,
3cc2a597-a50f-4402-830c-e73d1ac7ab96,sportsperson.land,available,19.99,,77,2,12,name.com,,
3cc83680-29fe-4c2f-a775-3467808f4633,letpass.land,available,19.99,,56,1,8,name.com,,
3cce3ba9-e7c4-4120-a4f8-5562a722ea86,makehappen.land,available,19.99,,80,3,11,name.com,,
3cf3a274-f0e7-4680-aa9d-64d7e8eecdaa,scratches.land,available,19.99,,60,4,9,name.com,,
3d0751c5-203c-4b5e-a841-09ff1a310d03,fractions.land,available,19.99,,52,7,9,name.com,,
3d23d908-6f7f-4c93-942f-b280eb40e016,webs.land,available,19.99,,56,21,4,name.com,,
3d2e1118-9ceb-43df-bec9-a0ffd066f557,GuptaEmpire.land,available,54.98,,64,1,12,namecheap,,
3d3f9504-9f22-4740-9aef-4c4a73cd5285,getwiththeprogram.land,available,19.99,,69,2,20,name.com,,
3d6b9ebb-6d87-4bcb-89de-534ef4996448,goinon.land,available,19.99,,74,2,8,name.com,,
3dd03e73-cb44-4f96-afc8-f7e89896542a,buttercups.land,available,19.99,,68,4,10,name.com,,
3dd44c81-0bcc-4317-8738-a94f9f0bb5cc,blowingup.land,available,19.99,,64,1,10,name.com,,
3df1bc49-38d8-4744-920a-850e8a29217e,sneezes.land,available,19.99,,50,2,7,name.com,,
3e18ac18-6086-4c38-8f39-6fabfbf4ae84,napkins.land,available,19.99,,50,6,7,name.com,,
3e34d831-2bca-4ad3-a96b-f4569602906f,letterofdismissal.land,available,19.99,,44,1,19,name.com,,
3e53f32c-8e7d-4da4-9347-05238159fcab,hangin.land,available,19.99,,76,4,7,name.com,,
3e7617c8-a384-43ee-bafd-faf93a0454f7,CountyofHarris.land,available,54.98,,42,1,16,namecheap,,
3e98532c-dc45-4135-8ddc-2768fdfc93d3,gorogue.land,available,19.99,,64,4,8,name.com,,
3e9d12ad-5862-478c-8ffc-3983d2d310f5,getpastoneself.land,available,19.99,,62,0,16,name.com,,
3eabb9ce-df7d-4b2c-b54e-5030b89f15d5,Ihaveasthma.land,available,54.98,,50,1,13,namecheap,,
3ecd81ac-8bfb-43d1-adbd-e66dc446965b,couldnotcareless.land,available,19.99,,38,0,19,name.com,,
3ef70c4e-53ff-4832-9339-f2cec1bb64d7,business.land,resell,,,90,52,8,Porkbun LLC,16/08/2015 16:52,16/08/2026 16:52
3efd700d-bbca-45bd-b88c-834eb6495b4b,likeso.land,available,19.99,,52,1,7,name.com,,
3eff1dcb-828c-408f-8ac9-41d67c5bbb7d,dataentry.land,available,19.99,,72,6,10,name.com,,
3f051ddf-0fb3-4ecd-8113-2df4a45b508f,cheeseontoast.land,available,19.99,,64,1,15,name.com,,
3f3218ee-b0bf-4d64-93f4-9c28382f8358,softenup.land,available,19.99,,68,1,9,name.com,,
3f3a3585-74bb-489f-9057-04e341d9ecd9,webmasters.land,available,19.99,,52,12,10,name.com,,
3f648b10-9741-4c8a-a5df-3e142b3675b5,bloodpressurecuff.land,available,19.99,,48,1,19,name.com,,
3f8cbc52-a0bd-4bf7-abe9-f535a8c278f1,officedoor.land,available,19.99,,55,1,11,name.com,,
3f9b6753-feb9-4037-8992-75be72593d1e,blewagasket.land,available,19.99,,34,1,13,name.com,,
3fa117b7-2f18-4291-95b4-dcf323b66ddf,goeasy.land,available,19.99,,76,11,7,name.com,,
3fab74cf-8106-4f7d-9cd9-195ba9854b89,resulted.land,available,19.99,,46,2,8,name.com,,
401f5ef1-9290-4aad-a51a-cc7d5b6e0616,HarryPotter.land,available,54.98,,72,20,12,namecheap,,
40202960-f69d-4a82-b218-72be496433d7,requires.land,available,19.99,,58,4,8,name.com,,
402f9de5-c805-4142-9f2c-35043ecd8997,gotto.land,available,19.99,,54,6,6,name.com,,
40362e03-11a4-4058-ba07-38c1608f0ee1,ballparkestimation.land,available,19.99,,60,0,20,name.com,,
40416a3f-dda1-4ad2-843f-8d0381c91aed,businesses.land,available,19.99,,60,12,10,name.com,,
40474b89-c8ff-4dd4-9c49-af113a0dd068,leavethenest.land,available,19.99,,70,1,14,name.com,,
40583f95-2d8f-414f-9413-2e5d60e1f0e8,puts.land,available,19.99,,58,7,4,name.com,,
405e5846-939c-48fe-ba0e-ab918827f955,neckandneck.land,available,19.99,,46,1,13,name.com,,
40879e14-4d62-4391-9044-3024819ce343,recalled.land,available,19.99,,62,4,8,name.com,,
40a7e0a3-cc8b-4638-99aa-8f03e12b0c8d,publicservice.land,available,19.99,,65,8,14,name.com,,
40b67162-c9ea-41ad-9b2a-5c86298b84f5,launches.land,available,19.99,,65,8,8,name.com,,
40dcabf0-1253-43c9-b46f-893165ca477a,keepbooks.land,available,19.99,,52,2,10,name.com,,
40e74c62-cef0-4e64-8655-974baf1ac98f,Xrays.land,available,54.98,,52,5,6,namecheap,,
40f2f87c-d9e2-4d9e-b4c0-23f12524cf8e,tractors.land,available,19.99,,56,8,8,name.com,,
41067235-7f22-43b7-b17a-d1fba037270f,keepunder.land,available,19.99,,66,1,10,name.com,,
41592721-5b70-45c7-b52c-e32402279e15,shorted.land,available,19.99,,61,4,7,name.com,,
417ba670-3f65-4625-a7f3-f9d9444e11c1,biases.land,available,19.99,,42,3,6,name.com,,
417ed2ac-948e-447f-be86-d24011f0b59b,inshortorder.land,available,19.99,,52,0,14,name.com,,
41a3f1f6-2427-4f9d-a90b-fd73514e127e,pianos.land,available,19.99,,58,11,6,name.com,,
41ce52d2-b9ff-47f9-88e6-518b541aee17,leavenocrumbs.land,available,19.99,,70,1,15,name.com,,
41d7029c-aac2-441d-97f7-adf3138f54d9,subsets.land,available,19.99,,54,3,7,name.com,,
41e2969b-f310-4acc-b376-ccb5f6f7a07b,makewhole.land,available,19.99,,80,2,10,name.com,,
41ebdf2c-337a-4522-8242-751e8918e0f9,commonheather.land,available,19.99,,64,1,14,name.com,,
41f0f422-c999-4ea8-bc16-e84140a3bb4d,deepdiving.land,available,19.99,,76,2,11,name.com,,
4258ac35-ad99-46fc-b717-ad7637114fb4,tablespoonful.land,available,19.99,,58,1,13,name.com,,
425a004a-fb87-4341-8c36-7e0a4a38449c,instate.land,available,19.99,,66,4,8,name.com,,
426bea4c-98b1-4721-a60e-760b962e76fd,breastfeed.land,available,19.99,,76,3,11,name.com,,
427f4964-185f-479a-971f-261e96ada4c5,makebelieve.land,available,19.99,,76,9,12,name.com,,
427fc48e-88c1-4375-9647-4e20f9fe3f82,seemed.land,available,19.99,,58,4,6,name.com,,
42aabe69-c796-4a4a-ab83-018ef2198029,centuries.land,available,19.99,,56,2,9,name.com,,
42acdebf-ccf6-4aaa-be40-b9bb6d332ee4,clovers.land,available,19.99,,62,9,7,name.com,,
42adc838-c76b-4b6f-80b8-8f93e02c6dfc,alters.land,available,19.99,,52,6,6,name.com,,
42adfdcd-5f59-4cad-8260-f902d81d821d,neckrest.land,available,19.99,,56,1,9,name.com,,
42b41620-11ab-4e7c-bb12-5bbdd016f90f,counterfeits.land,available,19.99,,40,2,12,name.com,,
42b6e484-b0ca-4706-83d1-faa8bdc7347c,prayers.land,available,19.99,,62,11,7,name.com,,
42b8d08b-7959-40bc-b06a-972490f66696,constraints.land,available,19.99,,44,2,11,name.com,,
430da919-0446-402d-9a73-3bc7bf403f02,moveup.land,available,19.99,,79,14,7,name.com,,
430e04af-ee31-4d96-9827-9c1bf3d03fc5,estimates.land,available,19.99,,50,7,9,name.com,,
43602b22-6108-4f47-b2b1-ae48537670b2,footballpools.land,available,19.99,,46,2,14,name.com,,
4384e9bd-c668-4475-ba0d-aabddc3395d1,lordoftherings.land,available,19.99,,80,5,17,name.com,,
43859f17-8be8-42bc-a946-67be8106cd11,havenobusiness.land,available,19.99,,60,1,16,name.com,,
43914bb3-38ce-43e5-9682-bd46f5ed9c4e,plateup.land,available,19.99,,74,2,8,name.com,,
43aa9148-f05d-4e2b-9edd-163dd4f0180d,satisfies.land,available,19.99,,67,2,9,name.com,,
43ee382a-2e19-43ba-9a17-dc258a403c09,deeplearning.land,available,19.99,,74,23,13,name.com,,
4409a8c0-06c9-404c-a8ac-c42020ce2df6,gosteady.land,available,19.99,,70,3,9,name.com,,
44183e28-4203-4af3-9179-528568ce2221,hangon.land,available,19.99,,82,6,7,name.com,,
44202549-0fc0-4d75-b7a2-255b42ab437d,grandparents.land,available,19.99,,68,5,12,name.com,,
44384774-bbca-4c5b-84b0-daa6516b372b,leaveoffice.land,available,19.99,,58,0,12,name.com,,
4461c484-0583-47c5-baf8-1857997a5401,manyhappyreturns.land,available,19.99,,46,2,18,name.com,,
4488e616-b64a-4c96-828e-05b71121ac90,writes.land,available,19.99,,56,9,6,name.com,,
449613e9-96e5-46ea-9d99-b2a1fb05c840,conflicts.land,available,19.99,,66,5,9,name.com,,
44969c5a-b24f-486f-b917-2e36ca26ddca,hills.land,premium,123.75,,65,20,5,name.com,,
44aa676c-15a8-41a3-9e5d-89d144d36c1b,abilities.land,available,19.99,,74,4,9,name.com,,
44c98fbb-b1c6-4105-b668-8a3aa678210e,havereason.land,available,19.99,,76,1,11,name.com,,
44dc4549-a998-47c4-8f6b-193b320bc07e,workingorder.land,available,19.99,,64,1,13,name.com,,
44e467ae-6bc7-4395-a361-61ee8bfbad2a,speakers.land,available,19.99,,66,12,8,name.com,,
44ee4f60-2da2-4c84-9d31-950c5e536b83,proteins.land,available,19.99,,52,8,8,name.com,,
44f21bc0-b8ec-4cf4-ad1c-a9147baa74b3,forces.land,available,19.99,,82,12,6,name.com,,
451baf2d-2dd5-4193-9e4d-7b2ddd1aa983,plumbers.land,available,19.99,,50,14,8,name.com,,
455697bd-ddd6-408f-9d03-9ee57d26cb29,uptoanything.land,available,19.99,,52,1,14,name.com,,
45659fa1-ea44-402e-851d-d05b48af2660,childclass.land,available,19.99,,50,1,11,name.com,,
458c3d6d-1df8-4c3d-aac2-4afcffb53192,explained.land,available,19.99,,50,10,9,name.com,,
45905695-6dd4-4293-848b-31522b652b2f,fasttimes.land,available,19.99,,80,3,10,name.com,,
45bff48f-b575-471e-a31b-513e4d9f980f,postponement.land,available,19.99,,57,1,12,name.com,,
45c20eac-1c3e-4672-b022-dbd9229ecdf4,AcademyAward.land,available,54.98,,76,1,13,namecheap,,
45c83c41-d1d7-491d-9902-f208166180ed,smarted.land,available,19.99,,53,5,7,name.com,,
45d1e3f7-c57a-404c-8b1f-4917a3eba917,pairingoff.land,available,19.99,,50,0,11,name.com,,
460b907d-bf66-4224-90cd-22e7d286ab08,turnedoff.land,available,19.99,,42,1,10,name.com,,
461e792e-6f48-4008-bd24-d2e56a02865f,sizes.land,available,19.99,,50,5,5,name.com,,
46459952-7ab6-475e-8929-b7806f43599c,gonuts.land,available,19.99,,76,8,7,name.com,,
465833e9-6fdd-426d-bfc5-85d077120176,posterpaint.land,available,19.99,,74,2,12,name.com,,
465c3c15-7785-4912-9d1d-a4b7ce2b24a1,honeymooning.land,available,19.99,,82,2,12,name.com,,
46715e13-a038-4ac3-bea8-1900a5fde817,enterthelists.land,available,19.99,,62,0,15,name.com,,
46750875-b1d5-4520-bc0f-8570b1b90c10,getofflightly.land,available,19.99,,70,1,15,name.com,,
4678070e-10a4-46e5-8210-cf51e1801121,conductcode.land,available,19.99,,50,1,12,name.com,,
4681d559-900e-4cd9-9325-c797729c9ca1,revolutions.land,available,19.99,,52,9,11,name.com,,
46949eb2-cee1-4940-8364-f41a78a94496,grandmothers.land,available,19.99,,68,3,12,name.com,,
469d60b1-01f9-4ac0-8a93-6bd46f98e643,openings.land,available,19.99,,62,9,8,name.com,,
469e9419-0f4b-4671-bdba-fd2c25adff47,asperyourrequest.land,available,19.99,,48,1,19,name.com,,
46a52a7c-d3fc-41ff-9f15-38677028eaeb,dogsbark.land,available,19.99,,76,1,9,name.com,,
46d49021-5955-49f2-85d3-366347f28c77,swishing.land,available,19.99,,74,3,8,name.com,,
46fca620-7fc7-469d-9920-b6a8ecffe6f2,pestcontrol.land,resell,,,74,18,12,"GoDaddy.com, LLC",23/09/2014 20:38,23/09/2026 20:38
473b5f59-1618-428d-b24d-48dffc15c1ce,makesomethingof.land,available,19.99,,70,0,17,name.com,,
474b262d-914f-4243-bcf6-24111b5d6e50,protocols.land,available,19.99,,50,17,9,name.com,,
478d0e32-2265-4873-877f-bf31a3d434b2,laptops.land,available,19.99,,56,8,7,name.com,,
478d2889-6c35-49d4-a3ab-7820132917ce,spellout.land,available,19.99,,76,2,9,name.com,,
47adbb06-acc8-4bae-b8e5-65ba0c3e4951,cometolife.land,available,19.99,,80,3,12,name.com,,
47ba0e6f-614e-48fb-8604-a2145b51c14c,intheory.land,available,19.99,,52,5,9,name.com,,
47d00ebe-16f0-458b-803d-865efee9d159,manycore.land,available,19.99,,68,3,8,name.com,,
47d4117f-3c08-4926-ac16-bfc2c63d9fe1,likemad.land,available,19.99,,70,0,8,name.com,,
47f0d8c7-e5b9-4793-b3c0-21de0761e8f1,killed.land,available,19.99,,56,5,6,name.com,,
480002f0-4f7d-44c7-83f3-3475ce50bfc0,onlyjust.land,available,19.99,,49,2,9,name.com,,
481baca2-0db0-482d-b38b-c5a288fd9a53,dollars.land,available,19.99,,64,12,7,name.com,,
4825bd56-b756-4add-a94c-77dac7a7c934,havethebestofit.land,available,19.99,,68,1,19,name.com,,
4847bf53-a360-4680-80d8-a9bcc4f39320,believes.land,available,19.99,,64,4,8,name.com,,
4870b4e7-3b53-4ee6-bec1-b48ff91f2ed5,Ihavecancer.land,available,54.98,,44,2,13,namecheap,,
48b2f0e2-934f-401d-af08-9c12549f652f,rioted.land,available,19.99,,44,1,6,name.com,,
48e9e352-7bf1-4638-8818-78888f2f1261,apartments.land,premium,118.8,118.8,60,21,10,namesilo,,
48f621ec-cf2e-49cf-b342-919407fd07f9,makethecut.land,available,19.99,,78,3,12,name.com,,
49108a50-2bca-495e-958b-f849ade16c4f,lives.land,available,19.99,,64,15,5,name.com,,
49225440-192b-4e08-ba1d-661545e09033,godeep.land,available,19.99,,74,7,7,name.com,,
4923c0a0-dcbb-4b13-89a2-b7954850fda6,shalt.land,available,19.99,,56,1,5,name.com,,
493ff7a0-0977-4b8d-b8e1-1341bf4575a7,tendered.land,available,19.99,,53,3,8,name.com,,
4976f8c1-1cb9-49d6-ba6c-8be0f8cde21b,brainwaves.land,available,19.99,,56,8,10,name.com,,
4983ca54-c8ef-4fb0-a469-ab5884cfec8b,savinggrace.land,available,19.99,,76,7,12,name.com,,
49c76773-a211-4b43-9c54-f57b14fa4bb1,gonumberone.land,available,19.99,,40,1,13,name.com,,
4a2517ec-db0e-4a05-9e10-1d4a1da4bde0,supposeto.land,available,19.99,,52,1,10,name.com,,
4a34f995-7c9c-4143-80bf-0ab658c2e8b3,hangwith.land,available,19.99,,70,2,9,name.com,,
4a5c80e9-cf1f-4a03-86bf-813cdb16b6a0,floods.land,available,19.99,,38,6,6,name.com,,
4a601256-3fb5-41d9-80cb-cc3ef066b76d,polled.land,available,19.99,,69,3,6,name.com,,
4a64c603-3b77-4105-a9d3-9208f7787a04,gonegative.land,available,19.99,,66,1,11,name.com,,
4a68226b-ed1d-4b7d-a7c7-287b6667cb8f,comeinhandy.land,available,19.99,,76,1,13,name.com,,
4aa846d0-1c6b-4691-acaf-cb6d3847dd5b,coffeeberry.land,available,19.99,,80,4,12,name.com,,
4ab5e6cc-4391-4116-99f6-1fb9471e6376,Godresthissoul.land,available,54.98,,44,1,17,namecheap,,
4ab84ebd-5f07-4791-a389-2c9894312c51,getoutside.land,available,19.99,,79,6,11,name.com,,
4adb13e9-3c10-4591-9c9f-f2f2b1e024a8,cliponmicrophone.land,available,19.99,,48,1,18,name.com,,
4afab3db-8563-479e-8ae9-4e949a349299,attempts.land,available,19.99,,54,3,8,name.com,,
4b30779b-333a-4a9d-a33d-a0ae61c348df,filets.land,available,19.99,,66,2,6,name.com,,
4b357bfb-b140-4fec-afcb-91754c5be3f0,wagons.land,available,19.99,,52,4,6,name.com,,
4b62504c-8766-48f9-96e6-690a4fc044b3,Germanpotatosalad.land,available,19.99,,56,1,19,name.com,,
4b73d8fb-dcfd-43ce-a1bd-e24c9368eab8,goingforward.land,available,19.99,,48,4,13,name.com,,
4b923a17-80f1-4a41-b4d8-10c68d2f725b,inthemoment.land,available,19.99,,48,7,13,name.com,,
4b9a81d1-fbc9-48f3-8369-946a4601e136,keepin.land,available,19.99,,72,6,7,name.com,,
4b9da140-72a9-4732-8528-8e0e068548ec,stayathome.land,available,19.99,,68,7,12,name.com,,
4bbcb5f3-76fe-449d-bf2f-dfb408a42e83,privatelife.land,available,19.99,,78,4,12,name.com,,
4bc92061-23d7-43ad-9f1d-7cedc99f5f7f,mealsonwheels.land,available,19.99,,80,5,15,name.com,,
4bf72ee9-05db-4b88-b895-a2a40ccdfcc7,likeashot.land,available,19.99,,56,1,11,name.com,,
4bf81611-37bd-4451-a056-9c4c29ca0255,cases.land,available,19.99,,50,12,5,name.com,,
4c032640-bdfb-4068-8862-713773dfda49,thanksaheap.land,available,19.99,,54,0,13,name.com,,
4c04ddfe-3ba3-485e-980b-0c14962e0fb4,prototypes.land,available,19.99,,56,9,10,name.com,,
4c06070e-b03c-4600-99e4-cc010258994a,dogsledmail.land,available,19.99,,94,0,12,name.com,,
4c1637f5-1778-41d5-943a-2709c2414c41,furthermore.land,available,19.99,,68,7,11,name.com,,
4c33c651-a2ed-4b7f-9f47-fa8a13c9619c,gonowherefast.land,available,19.99,,50,1,15,name.com,,
4c56f208-6e38-4f25-ae6f-8805da915e2c,runners.land,available,19.99,,78,16,7,name.com,,
4c8309f0-af5e-4eee-93f8-4dbb3e8d20a9,backs.land,available,19.99,,56,5,5,name.com,,
4ca96fa9-279a-43c5-8b06-b48bdccd6666,rakeout.land,available,19.99,,66,1,8,name.com,,
4ca9ef06-a349-49d4-99d5-c3a23e6e04ef,haircuts.land,available,19.99,,60,6,8,name.com,,
4cde75d1-72c1-4f56-9b6e-694293a79f57,lordmayor.land,available,19.99,,76,1,10,name.com,,
4cebf339-4ae8-461a-ba7f-4bd7370326d3,loops.land,available,19.99,,70,19,5,name.com,,
4cf2d3c4-c445-4667-9a1b-7cfd32f96e55,hasto.land,available,19.99,,56,3,6,name.com,,
4cfd2925-396a-4cb3-84da-588b51c659e1,collarbones.land,available,19.99,,48,1,11,name.com,,
4d185440-3bcd-40fc-9530-9b2765f7ebdb,headout.land,available,19.99,,82,6,8,name.com,,
4d3b7704-67d0-4d15-b7e3-a8d86158a358,rollinginit.land,available,19.99,,46,1,13,name.com,,
4d43bf55-15bc-4134-bbd2-3f10ea049d36,birches.land,available,19.99,,57,4,7,name.com,,
4da66bfd-62be-4931-86b6-3a08dbaae0af,grandnieces.land,available,19.99,,66,1,11,name.com,,
4dbca4ac-1366-4edc-976e-6be789191bb3,pulls.land,available,19.99,,52,6,5,name.com,,
4df0b4a1-7005-4066-b8ad-198545752274,sacks.land,available,19.99,,59,8,5,name.com,,
4dff0954-124b-40f0-80df-d53d37c4551c,IamHIVpositive.land,available,54.98,,44,1,17,namecheap,,
4e3e571e-a192-40cd-add7-78016ab73cd5,BlackWallStreet.land,available,19.99,,44,9,17,name.com,,
4e5bda78-53ef-4dc2-91ac-497d6d7612ca,neighbours.land,available,19.99,,53,7,10,name.com,,
4e671881-4e65-4484-98c0-fadd834c9a58,getlaid.land,available,19.99,,76,6,8,name.com,,
4e6afda2-f5de-43c0-9116-21b1a9788166,manysidedness.land,available,19.99,,64,1,14,name.com,,
4eaad589-56b6-4c63-a5f5-95aef9eb31d8,gettheboot.land,available,19.99,,70,1,12,name.com,,
4eeb946c-a720-4a46-b0b5-eaca456db44d,operacake.land,available,19.99,,80,1,10,name.com,,
4ef7df53-63c5-40a5-8c9b-e06968f1796e,learns.land,available,19.99,,60,8,6,name.com,,
4f1426da-c1d5-4c94-879b-e3cf7cb51d5c,arrivingat.land,available,19.99,,50,1,11,name.com,,
4f16b9c1-111a-4702-91ae-6425a5354cf6,views.land,available,19.99,,62,18,5,name.com,,
4f2802ae-da16-4249-990b-c42e43f81931,goforit.land,available,19.99,,76,11,9,name.com,,
4f43145b-da5e-4f07-9d6f-bacad425f546,coffeeand.land,available,19.99,,76,4,10,name.com,,
4f632f3c-8d8d-48b2-9222-ed5d364080ad,stadia.land,available,19.99,,66,22,6,name.com,,
4f68c86d-cebd-4074-a09e-bcde55ea3cbe,restaurants.land,available,19.99,,57,21,11,name.com,,
4f75dd42-610b-48c0-a3fa-340564fbaa25,runs.land,available,19.99,,68,12,4,name.com,,
4f790a29-a3a7-42eb-9ca8-24b87afab010,primadonna.land,available,19.99,,68,9,11,name.com,,
4fa8197e-5e57-4934-93e2-60c3f5a42752,nothanksto.land,available,19.99,,58,0,12,name.com,,
4fb310a8-c54f-43dc-89a7-d13c6d9e3d6a,slipdress.land,available,19.99,,76,1,10,name.com,,
4fb68eed-7a76-4230-9d46-634ba4026e75,highrelief.land,available,19.99,,71,0,11,name.com,,
4fcbb28f-c502-4d8b-9565-49f664f8f5bd,prejudices.land,available,19.99,,38,1,10,name.com,,
4fdc1be9-1cbc-45a6-8d90-afb155ba4cb3,longfor.land,available,19.99,,70,3,8,name.com,,
4fdc9089-4be7-49fc-a2ac-1c14fe615282,lorditup.land,available,19.99,,52,1,10,name.com,,
50119186-764c-4cbb-a4dd-bedc17c23d8e,oceans.land,available,19.99,,64,22,6,name.com,,
501f2deb-4ea4-428f-acd8-5582ec158077,chairs.land,available,19.99,,54,11,6,name.com,,
5047ddd5-6497-49e2-9cda-b31edd806909,nosmoking.land,available,19.99,,54,5,10,name.com,,
5063f31b-bc19-4c07-b59f-83bdb197f6b9,thanksbe.land,available,19.99,,60,1,9,name.com,,
50673d29-b20d-4d00-8fcf-5f7b85ef5ca1,landedestate.land,available,19.99,,42,1,13,name.com,,
506c5ee3-def7-4c79-8eee-9e2a6dd1257a,appraised.land,available,19.99,,50,4,9,name.com,,
5073c331-7f9c-4a73-b8a6-a4dad627dfca,maketheheadlines.land,available,19.99,,72,0,18,name.com,,
507ebbf6-99d0-4bd8-865b-f711c769bf4f,singleout.land,available,19.99,,72,1,10,name.com,,
50958c72-a2e5-4b74-989e-0e4f6d991302,screwdrivers.land,available,19.99,,52,4,12,name.com,,
50cb2e17-bca2-4215-808c-dc50e74f25d8,OpiumWar.land,available,54.98,,52,1,9,namecheap,,
50cba617-42df-42c7-bb29-280407dfdef5,publicopinion.land,available,19.99,,70,7,14,name.com,,
50eaad9c-0382-43ad-bcb0-5aa65e7eed31,secondyear.land,available,19.99,,66,1,11,name.com,,
50fcfa93-f0f3-4b5a-8b0d-4ad0d9981e0d,LordMayors.land,available,54.98,,58,2,11,namecheap,,
5127cd4f-bcad-4749-ba08-bc57c3050d46,persisted.land,available,19.99,,52,2,9,name.com,,
51579231-13be-4d8e-986f-fa336bcfc491,costsaving.land,available,19.99,,68,2,11,name.com,,
5199f122-83e5-4234-b789-816d1061714e,looked.land,available,19.99,,74,5,6,name.com,,
51ccec69-2081-4e77-9c90-fe3594e4d7b9,changeoftune.land,available,19.99,,64,0,14,name.com,,
51d9fcd6-4cfc-47cc-b0e4-f0b479b109be,sticks.land,available,19.99,,60,11,6,name.com,,
51e1e261-2664-4600-a06a-5f5e48cb8296,lordover.land,available,19.99,,72,1,9,name.com,,
51eeea46-d2d7-4c58-9502-ec9ec4756a08,tightened.land,available,19.99,,50,1,9,name.com,,
51f17f71-d9ba-4f5d-b0be-ca049811d940,profitability.land,available,19.99,,76,8,13,name.com,,
52028bc2-f2c5-4064-a93d-734ce2fc4110,collections.land,available,19.99,,48,14,11,name.com,,
520a3f51-fa2e-4bf7-87b1-65992450b835,males.land,available,19.99,,58,9,5,name.com,,
5214c0ab-f2f8-4f9b-9441-af3df5e5e581,playlists.land,available,19.99,,60,10,9,name.com,,
5232ee73-b709-4c58-b64b-4ffe3cdbbf15,keepfit.land,available,19.99,,86,9,8,name.com,,
5253f0da-3f88-436f-bedc-858dfa8b687d,havemercy.land,available,19.99,,80,2,10,name.com,,
5261ba11-9e27-4439-a3b4-7efc4ba4d451,blazeaway.land,available,19.99,,76,1,10,name.com,,
527adb81-6198-44a7-b5d6-ec66fba655d3,filledin.land,available,19.99,,52,2,9,name.com,,
52802880-7506-48c5-add2-ebad32153e9c,entered.land,available,19.99,,50,4,7,name.com,,
5283846e-b140-473d-92be-fc689b4754ba,chunks.land,available,19.99,,46,8,6,name.com,,
528eb10f-0cea-416e-b60e-d3e04588c6ff,monkeys.land,available,19.99,,56,13,7,name.com,,
52a75b35-1752-464f-aa03-8de7845cf479,IliveinMelbourne.land,available,54.98,,50,0,19,namecheap,,
52ac3fdd-60a5-4978-a49d-2742a2d08f40,havingsex.land,available,19.99,,58,1,10,name.com,,
52ae6662-e5fd-45c8-a852-ddc29feca290,makeswaves.land,available,19.99,,60,1,11,name.com,,
52bdf515-323e-4d19-b2b1-784dbd3dff21,GeneralTaochicken.land,available,54.98,,70,1,19,namecheap,,
52cd2fe9-2442-4276-b241-ea5fb60b1222,products.land,available,19.99,,60,23,8,name.com,,
52cead19-afc9-4b46-8ca0-6d2bf013a457,kicks.land,available,19.99,,77,15,5,name.com,,
52d15330-117c-4bee-8d68-7040863aa4bd,rubbed.land,available,19.99,,62,2,6,name.com,,
52d570ef-f256-449d-b7ae-e3b52e7da73c,propranolol.land,available,19.99,,68,5,11,name.com,,
52eb559c-db8f-4878-b055-edb5b0e70060,bottoms.land,available,19.99,,60,7,7,name.com,,
52f217ef-9257-4f73-b8ba-a9c73060d146,drycleaning.land,available,19.99,,74,9,11,name.com,,
5304abc2-fbb8-4365-af47-5ffdc507b6a6,rests.land,available,19.99,,52,5,5,name.com,,
531cfa73-7b8a-40c6-92f0-c5e0a02bdd39,comments.land,available,19.99,,52,10,8,name.com,,
53321df0-487d-4df7-a91d-667dd644f657,flaxcotton.land,available,19.99,,56,0,11,name.com,,
5350a6ad-46df-4584-b9b7-d26262f79b67,accountsreceivable.land,available,19.99,,62,5,19,name.com,,
5350bfab-c024-4df7-b22e-ddf763a755b8,vacations.land,premium,118.8,118.8,56,19,9,namesilo,,
536baca4-58a0-4f96-9df4-fd91d7f9c7b5,getunder.land,available,19.99,,54,1,9,name.com,,
5372d6e2-ac39-456d-b04b-337102cdf6ff,makesomenoise.land,available,19.99,,70,5,15,name.com,,
538846b7-d2c1-4290-a37f-8d2cc689af6a,pads.land,available,19.99,,68,10,4,name.com,,
539e7870-710d-46a1-a245-f33cd4bec59f,turnedback.land,available,19.99,,53,1,11,name.com,,
53a25265-c45d-486a-b9a3-8279300c93b6,storyboards.land,available,19.99,,58,7,11,name.com,,
53c8b2ed-a7a6-44dd-a3bb-58eaf80d6863,jaguars.land,available,19.99,,62,9,7,name.com,,
53d57166-634d-4414-95f2-17bf0fecc5b8,furnishings.land,available,19.99,,80,5,11,name.com,,
53f75944-40df-492a-a516-8e6fff06c181,gears.land,available,19.99,,54,12,5,name.com,,
542ae019-2b2b-4a9f-b772-477826215c8b,leavewellalone.land,available,19.99,,68,1,16,name.com,,
54338c0f-0af4-4a1f-98ed-82908ecc4e4d,keepnote.land,available,19.99,,48,2,9,name.com,,
543c7793-ca34-498c-9620-1bc7fa8a2791,packingtape.land,available,19.99,,70,2,12,name.com,,
54421d3b-ace9-4424-97b8-32d0fee3c8ed,parties.land,available,19.99,,58,13,7,name.com,,
5455c8cb-8dd0-4959-b2a9-7e14669e7a79,IsleofPurbeck.land,available,54.98,,52,2,15,namecheap,,
54719573-e287-402c-8c9d-1eac6145fed0,Itellalie.land,available,54.98,,58,1,12,namecheap,,
5486029c-9f31-4dbe-a542-4f9a5302fa29,pairs.land,available,19.99,,54,11,5,name.com,,
54929825-681a-4707-8925-0f6ac09fab81,explanation.land,available,19.99,,68,7,11,name.com,,
54c05921-ae73-4801-b5e1-fdf6e5775049,backtoback.land,available,19.99,,72,5,12,name.com,,
54ffdf76-05ee-4584-9a12-1e85301febc2,comedians.land,available,19.99,,56,4,9,name.com,,
5507f448-601a-477c-954d-60fa345579b2,replying.land,available,19.99,,52,3,8,name.com,,
551372ed-7010-436e-9082-70c595a98380,proofs.land,available,19.99,,55,13,6,name.com,,
5548b4a7-0f71-4484-96e2-d180134197ac,wears.land,available,19.99,,62,7,5,name.com,,
558a7936-ba1b-439f-bb20-20160e11af78,inthelimit.land,available,19.99,,50,1,12,name.com,,
55bb6266-a5cf-4020-a1c4-db690f75a63b,moulds.land,available,19.99,,52,5,6,name.com,,
55c1b138-40b5-4ffd-9868-ec19db6f773f,getlife.land,available,19.99,,80,5,8,name.com,,
55d83502-dcd5-4ec0-a80e-79e5db1622fb,onfire.land,available,19.99,,50,12,7,name.com,,
55f7f875-9bf6-4f02-b20d-0109517d8b25,havenosympathy.land,available,19.99,,54,1,16,name.com,,
5609b974-d247-44ea-b631-777d88b6fed9,patientcare.land,available,19.99,,79,8,11,name.com,,
5640a407-f911-455c-be3b-a279e5367e42,orderin.land,available,19.99,,77,5,8,name.com,,
564518d3-6590-43d7-99f5-2c10e516308c,orderarms.land,available,19.99,,70,1,10,name.com,,
564652d1-7578-4360-b092-835d8859b99e,strips.land,available,19.99,,51,7,6,name.com,,
564d5403-205e-41ea-b1bc-e7e347f98eb5,hitormiss.land,available,19.99,,66,3,11,name.com,,
5658dc2c-8df9-434e-8224-69e3353d42d5,Scotchtape.land,available,54.98,,80,2,11,namecheap,,
56da7fae-d6dc-4360-94d2-0cde839bbd16,calls.land,available,19.99,,50,16,5,name.com,,
56e79605-03f2-480f-8791-f844e0b758a9,comeoff.land,available,19.99,,72,1,8,name.com,,
56eee0b1-48c1-4327-8498-6f521026fbf2,marine.land,resell,,,74,30,6,Porkbun LLC,07/07/2020 15:09,07/07/2026 15:09
56f9273a-c5bd-4892-ba90-530157cbdb01,pictorials.land,available,19.99,,56,2,10,name.com,,
56fd70ad-c3e2-4b6e-a86c-c336debf9176,ElNino.land,available,19.99,,66,8,7,name.com,,
570344f9-d3d0-4d23-b33d-d7289ca86dcf,shortages.land,available,19.99,,48,3,9,name.com,,
57046aa9-d060-4dcc-8db1-b0696e5258b3,techniques.land,available,19.99,,50,5,10,name.com,,
575547ee-3b5f-4c05-af5a-c63fd05cbb6e,ported.land,available,19.99,,68,3,6,name.com,,
575f3b76-c23a-4d14-88e1-4ccc194c9ed6,GodSavetheQueen.land,available,19.99,,76,3,18,name.com,,
57840952-57de-4c80-947f-0c7df196cdf9,approaches.land,available,19.99,,70,3,10,name.com,,
5788e4ab-c9fe-41b2-a775-4bdebad506f9,letthemhaveit.land,available,19.99,,47,1,16,name.com,,
578a88ed-a9d0-4965-8a61-d6cba2127cc6,designerstubble.land,available,19.99,,66,1,16,name.com,,
57900ca6-cbae-420f-a37f-d8b019f12e90,geton.land,available,19.99,,82,10,6,name.com,,
57a866c7-ec1a-4c8d-9560-11c2e4517851,findingout.land,available,19.99,,58,2,11,name.com,,
5809e7e5-4d98-4be2-9af7-4bec94298234,Ilostmywallet.land,available,54.98,,50,1,16,namecheap,,
581a37d1-7ea1-4f2f-af90-35c8fda0c64c,oars.land,available,19.99,,56,6,4,name.com,,
5839de05-4dca-4138-b200-e5f682a6171d,advertisements.land,available,19.99,,54,7,14,name.com,,
584861ed-c2bb-48fb-9e0b-1b85be305350,takedown.land,available,19.99,,74,11,9,name.com,,
584b1045-857f-4d42-8ebc-0387757e13fa,clients.land,available,19.99,,58,20,7,name.com,,
589b66d3-f24f-42da-955e-805bcfc6c21e,sedated.land,available,19.99,,43,2,7,name.com,,
58c336d0-66a9-440f-9945-6bd26b274213,inthelongterm.land,available,19.99,,60,1,16,name.com,,
58c41284-3b89-4047-a78e-28fbcad5dcf1,establishes.land,available,19.99,,50,1,11,name.com,,
58d1e891-8406-4eda-a558-07f68e9df369,drying.land,available,19.99,,68,6,6,name.com,,
58df4f5e-108d-4d61-aef9-2233f9d8ea7b,finaltest.land,available,19.99,,58,2,10,name.com,,
58e5a01d-b6dd-435f-a91f-6def5a7f122a,necessities.land,available,19.99,,58,4,11,name.com,,
58f2553b-0706-4586-a512-11be756d8f44,etc.land,premium,500,,58,34,3,name.com,,
58f48913-b7be-4699-b6ab-5b0112ad2706,truer.land,available,19.99,,57,8,5,name.com,,
59137444-ff1c-4b67-9ca1-c65e89e18838,officeclerk.land,available,19.99,,49,1,12,name.com,,
5917d8f6-02ef-4361-9623-e46fff5fcefa,turnedon.land,available,19.99,,52,3,9,name.com,,
591e99ce-bf60-4563-ae0c-100f37d9cd49,instyle.land,available,19.99,,78,12,8,name.com,,
592b9718-bcc5-40b9-8039-72928524cb18,thereyougo.land,available,19.99,,56,2,12,name.com,,
5933f667-9859-436b-b21c-b764f3834ea3,keepittogether.land,available,19.99,,68,2,16,name.com,,
5942bf4b-fdb6-41f0-bc9c-d9f043b49a27,reassures.land,available,19.99,,56,1,9,name.com,,
594b5d9a-0daf-41ad-b7c1-41ff0cda9ff5,werewolves.land,available,19.99,,44,7,10,name.com,,
595dfcfb-1241-4a48-bb13-8c154988295b,collapsing.land,available,19.99,,38,3,10,name.com,,
5989d308-de30-48c6-a99d-f6171d0a3924,onspecial.land,available,19.99,,52,2,10,name.com,,
599a9f3c-957c-4138-8001-7a684e72fcf6,servants.land,available,19.99,,54,4,8,name.com,,
59a108f9-dba2-4da4-a4b9-53c0481efd06,reps.land,available,19.99,,73,16,4,name.com,,
59b4a63c-991c-473f-a351-3d79d695c923,requesting.land,available,19.99,,49,5,10,name.com,,
59d72920-21f8-4ad7-b4c1-1ad0a0b4cd8c,photographed.land,available,19.99,,54,3,12,name.com,,
59d87938-bf8e-4c06-a4e4-d9561ef9a433,puddings.land,available,19.99,,57,2,8,name.com,,
59e32625-53e9-4496-b290-21adfa6838f7,semifinal.land,available,19.99,,72,2,10,name.com,,
59e5faf5-ae64-413c-807a-826f7d6a7bc2,soothes.land,available,19.99,,61,2,7,name.com,,
59ee5a4a-9f6e-4e4e-b41a-ce56fd87c3de,officedesk.land,available,19.99,,55,5,11,name.com,,
5a3f137b-6987-4d00-8f18-1cc6de80ff62,makeone.land,available,19.99,,76,4,8,name.com,,
5a5a4360-95df-42bd-a757-caa3633bbd57,getround.land,available,19.99,,74,0,9,name.com,,
5a7b256d-b614-48bf-83a5-464fb96dd8ba,comerunning.land,available,19.99,,74,1,12,name.com,,
5a8ff2ab-f084-4125-b56b-621a269da1a5,mouths.land,available,19.99,,49,3,6,name.com,,
5aadac90-8e51-479a-8a7c-499aaba017b8,quartertone.land,available,19.99,,70,3,12,name.com,,
5aaf16b8-650a-4ae0-b9fa-7fb0699885b7,gothewholehog.land,available,19.99,,62,1,16,name.com,,
5b1489ec-4181-42f7-8501-26e5aea8a639,Allie.land,available,54.98,,72,21,5,namecheap,,
5b27629f-f8c0-434b-9cbe-3c5906fc6b61,Cheddarcheese.land,available,54.98,,66,2,14,namecheap,,
5b2ce013-5881-4f7d-90e9-6ee7f57cdc95,slipped.land,available,19.99,,70,3,7,name.com,,
5b4512ea-aaa3-46cd-ae10-53bb0b423157,alcoholusedisorder.land,available,19.99,,48,1,20,name.com,,
5b5f0490-f019-4f38-a386-faca6dce419c,pencils.land,available,19.99,,50,5,7,name.com,,
5b641b20-2b12-411c-b405-1880e551e71a,pairofspecs.land,available,19.99,,62,1,13,name.com,,
5b6eb9f0-bb3d-4898-a873-5084a7e71cf6,puzzles.land,available,19.99,,52,16,7,name.com,,
5b816602-2389-4989-92ac-adea3c28e63e,chem.land,available,19.99,,74,24,4,name.com,,
5b85612d-351c-42d3-ac6e-244658ef139e,conducted.land,available,19.99,,54,2,9,name.com,,
5bb60fa8-e973-44bd-8da8-cb5c4d7244bf,inthemain.land,available,19.99,,50,1,11,name.com,,
5bb94f4a-a5ac-4e63-ab3d-b493b46035fb,blogs.land,available,19.99,,52,21,5,name.com,,
5bc09f52-0f1e-45a9-81ec-5183f17892b0,manyhappies.land,available,19.99,,72,1,12,name.com,,
5bc2ff9a-89f7-458d-bbbf-a9494a7e8b69,proxybattle.land,available,19.99,,44,1,12,name.com,,
5bc65004-e6c9-4bbb-9ea0-335dc1e5e727,mortgages.land,available,19.99,,50,16,9,name.com,,